ISO-10303-21;
HEADER;
/* Generated by software containing ST-Developer
 * from STEP Tools, Inc. (www.steptools.com) 
 */

FILE_DESCRIPTION(
/* description */ (''),
/* implementation_level */ '2;1');

FILE_NAME(
/* name */ 'mtroll top h.step',
/* time_stamp */ '2025-12-04T23:12:51-05:00',
/* author */ (''),
/* organization */ (''),
/* preprocessor_version */ 'ST-DEVELOPER v20.1',
/* originating_system */ 'Autodesk Translation Framework v14.21.0.0',
/* authorisation */ '');

FILE_SCHEMA (('AUTOMOTIVE_DESIGN { 1 0 10303 214 3 1 1 }'));
ENDSEC;

DATA;
#10=MECHANICAL_DESIGN_GEOMETRIC_PRESENTATION_REPRESENTATION('',(#13),#3295);
#11=SHAPE_REPRESENTATION_RELATIONSHIP('SRR','None',#3305,#12);
#12=ADVANCED_BREP_SHAPE_REPRESENTATION('',(#14),#3294);
#13=STYLED_ITEM('',(#3314),#14);
#14=MANIFOLD_SOLID_BREP('Body1',#1955);
#15=CYLINDRICAL_SURFACE('',#1984,0.0980000000000015);
#16=CYLINDRICAL_SURFACE('',#2009,0.0980000000000003);
#17=CYLINDRICAL_SURFACE('',#2010,0.0625);
#18=CYLINDRICAL_SURFACE('',#2013,0.0625);
#19=CYLINDRICAL_SURFACE('',#2016,0.0625);
#20=CYLINDRICAL_SURFACE('',#2019,0.0625);
#21=CYLINDRICAL_SURFACE('',#2022,0.0625);
#22=CYLINDRICAL_SURFACE('',#2023,0.0625);
#23=CYLINDRICAL_SURFACE('',#2024,0.0625);
#24=CYLINDRICAL_SURFACE('',#2025,0.0625);
#25=CYLINDRICAL_SURFACE('',#2026,0.35);
#26=CYLINDRICAL_SURFACE('',#2028,0.075);
#27=CYLINDRICAL_SURFACE('',#2030,0.075);
#28=CYLINDRICAL_SURFACE('',#2032,0.2);
#29=CYLINDRICAL_SURFACE('',#2034,0.2);
#30=CYLINDRICAL_SURFACE('',#2036,0.2);
#31=CYLINDRICAL_SURFACE('',#2038,0.2);
#32=CYLINDRICAL_SURFACE('',#2040,0.035);
#33=CYLINDRICAL_SURFACE('',#2044,0.0350000000000001);
#34=CYLINDRICAL_SURFACE('',#2051,0.0979999999999999);
#35=CYLINDRICAL_SURFACE('',#2095,0.0349999999999989);
#36=CYLINDRICAL_SURFACE('',#2097,0.0349999999999992);
#37=CYLINDRICAL_SURFACE('',#2105,0.0979999999999992);
#38=CYLINDRICAL_SURFACE('',#2108,0.249999999999999);
#39=CYLINDRICAL_SURFACE('',#2110,0.25);
#40=CYLINDRICAL_SURFACE('',#2112,0.0999999999999991);
#41=CYLINDRICAL_SURFACE('',#2114,0.249999999999999);
#42=CYLINDRICAL_SURFACE('',#2116,0.100000000000001);
#43=CYLINDRICAL_SURFACE('',#2118,0.0999999999999998);
#44=CYLINDRICAL_SURFACE('',#2120,0.0999999999999991);
#45=CYLINDRICAL_SURFACE('',#2122,0.25);
#46=CYLINDRICAL_SURFACE('',#2124,0.0999999999999991);
#47=CYLINDRICAL_SURFACE('',#2126,0.0999999999999991);
#48=CYLINDRICAL_SURFACE('',#2128,0.249999999999999);
#49=CYLINDRICAL_SURFACE('',#2130,0.0999999999999998);
#50=CYLINDRICAL_SURFACE('',#2132,0.25);
#51=CYLINDRICAL_SURFACE('',#2134,0.250000000000001);
#52=CYLINDRICAL_SURFACE('',#2136,0.249999999999999);
#53=CYLINDRICAL_SURFACE('',#2138,0.100000000000001);
#54=CYLINDRICAL_SURFACE('',#2140,0.249999999999999);
#55=CYLINDRICAL_SURFACE('',#2142,0.250000000000001);
#56=CYLINDRICAL_SURFACE('',#2144,0.0999999999999991);
#57=CYLINDRICAL_SURFACE('',#2146,0.249999999999999);
#58=CYLINDRICAL_SURFACE('',#2148,0.0999999999999991);
#59=CYLINDRICAL_SURFACE('',#2150,0.100000000000001);
#60=CYLINDRICAL_SURFACE('',#2152,0.250000000000001);
#61=CYLINDRICAL_SURFACE('',#2154,0.100000000000001);
#62=CYLINDRICAL_SURFACE('',#2156,0.250000000000001);
#63=CYLINDRICAL_SURFACE('',#2158,0.249999999999999);
#64=CYLINDRICAL_SURFACE('',#2160,0.100000000000001);
#65=CYLINDRICAL_SURFACE('',#2162,0.250000000000001);
#66=CYLINDRICAL_SURFACE('',#2164,0.100000000000001);
#67=CYLINDRICAL_SURFACE('',#2166,0.249999999999999);
#68=CYLINDRICAL_SURFACE('',#2168,0.250000000000001);
#69=CYLINDRICAL_SURFACE('',#2170,0.0999999999999991);
#70=CYLINDRICAL_SURFACE('',#2172,0.25);
#71=CYLINDRICAL_SURFACE('',#2174,0.25);
#72=CYLINDRICAL_SURFACE('',#2176,0.25);
#73=CYLINDRICAL_SURFACE('',#2178,0.1);
#74=CYLINDRICAL_SURFACE('',#2180,0.25);
#75=CYLINDRICAL_SURFACE('',#2182,0.25);
#76=CYLINDRICAL_SURFACE('',#2184,0.1);
#77=CYLINDRICAL_SURFACE('',#2186,0.1);
#78=CYLINDRICAL_SURFACE('',#2188,0.0999999999999998);
#79=FACE_BOUND('',#304,.T.);
#80=FACE_BOUND('',#305,.T.);
#81=FACE_BOUND('',#306,.T.);
#82=FACE_BOUND('',#307,.T.);
#83=FACE_BOUND('',#310,.T.);
#84=FACE_BOUND('',#311,.T.);
#85=FACE_BOUND('',#312,.T.);
#86=FACE_BOUND('',#313,.T.);
#87=FACE_BOUND('',#318,.T.);
#88=FACE_BOUND('',#319,.T.);
#89=FACE_BOUND('',#320,.T.);
#90=FACE_BOUND('',#321,.T.);
#91=FACE_BOUND('',#322,.T.);
#92=FACE_BOUND('',#323,.T.);
#93=FACE_BOUND('',#324,.T.);
#94=FACE_BOUND('',#351,.T.);
#95=FACE_BOUND('',#352,.T.);
#96=FACE_BOUND('',#353,.T.);
#97=FACE_BOUND('',#354,.T.);
#98=FACE_BOUND('',#357,.T.);
#99=FACE_BOUND('',#358,.T.);
#100=FACE_BOUND('',#359,.T.);
#101=FACE_BOUND('',#360,.T.);
#102=FACE_BOUND('',#367,.T.);
#103=FACE_BOUND('',#368,.T.);
#104=FACE_BOUND('',#369,.T.);
#105=FACE_BOUND('',#370,.T.);
#106=FACE_BOUND('',#371,.T.);
#107=FACE_BOUND('',#372,.T.);
#108=FACE_BOUND('',#373,.T.);
#109=FACE_BOUND('',#374,.T.);
#110=FACE_BOUND('',#375,.T.);
#111=FACE_BOUND('',#376,.T.);
#112=FACE_BOUND('',#377,.T.);
#113=FACE_BOUND('',#378,.T.);
#114=FACE_BOUND('',#379,.T.);
#115=FACE_BOUND('',#380,.T.);
#116=FACE_BOUND('',#381,.T.);
#117=FACE_BOUND('',#382,.T.);
#118=FACE_BOUND('',#383,.T.);
#119=FACE_BOUND('',#384,.T.);
#120=FACE_BOUND('',#385,.T.);
#121=FACE_BOUND('',#386,.T.);
#122=FACE_BOUND('',#387,.T.);
#123=FACE_BOUND('',#388,.T.);
#124=FACE_BOUND('',#389,.T.);
#125=FACE_BOUND('',#390,.T.);
#126=FACE_BOUND('',#391,.T.);
#127=FACE_BOUND('',#392,.T.);
#128=FACE_BOUND('',#393,.T.);
#129=FACE_BOUND('',#394,.T.);
#130=FACE_BOUND('',#395,.T.);
#131=FACE_BOUND('',#396,.T.);
#132=FACE_BOUND('',#397,.T.);
#133=FACE_BOUND('',#398,.T.);
#134=FACE_BOUND('',#399,.T.);
#135=FACE_BOUND('',#400,.T.);
#136=FACE_BOUND('',#401,.T.);
#137=FACE_BOUND('',#402,.T.);
#138=FACE_BOUND('',#403,.T.);
#139=FACE_BOUND('',#404,.T.);
#140=FACE_BOUND('',#405,.T.);
#141=FACE_BOUND('',#406,.T.);
#142=FACE_BOUND('',#407,.T.);
#143=FACE_BOUND('',#416,.T.);
#144=FACE_BOUND('',#417,.T.);
#145=FACE_BOUND('',#418,.T.);
#146=FACE_BOUND('',#419,.T.);
#147=FACE_BOUND('',#420,.T.);
#148=FACE_BOUND('',#421,.T.);
#149=FACE_BOUND('',#422,.T.);
#150=FACE_BOUND('',#466,.T.);
#151=FACE_BOUND('',#467,.T.);
#152=FACE_BOUND('',#468,.T.);
#153=FACE_BOUND('',#469,.T.);
#154=FACE_BOUND('',#470,.T.);
#155=FACE_BOUND('',#471,.T.);
#156=FACE_BOUND('',#472,.T.);
#157=FACE_BOUND('',#473,.T.);
#158=FACE_BOUND('',#474,.T.);
#159=FACE_BOUND('',#475,.T.);
#160=FACE_BOUND('',#476,.T.);
#161=FACE_BOUND('',#477,.T.);
#162=FACE_BOUND('',#478,.T.);
#163=FACE_BOUND('',#479,.T.);
#164=FACE_BOUND('',#480,.T.);
#165=FACE_BOUND('',#481,.T.);
#166=FACE_BOUND('',#482,.T.);
#167=FACE_BOUND('',#483,.T.);
#168=FACE_BOUND('',#484,.T.);
#169=FACE_BOUND('',#485,.T.);
#170=FACE_BOUND('',#486,.T.);
#171=FACE_BOUND('',#487,.T.);
#172=FACE_BOUND('',#488,.T.);
#173=FACE_BOUND('',#489,.T.);
#174=FACE_BOUND('',#490,.T.);
#175=FACE_BOUND('',#491,.T.);
#176=FACE_BOUND('',#492,.T.);
#177=FACE_BOUND('',#493,.T.);
#178=FACE_BOUND('',#494,.T.);
#179=FACE_BOUND('',#495,.T.);
#180=FACE_BOUND('',#496,.T.);
#181=FACE_BOUND('',#497,.T.);
#182=FACE_BOUND('',#498,.T.);
#183=FACE_BOUND('',#499,.T.);
#184=FACE_BOUND('',#500,.T.);
#185=FACE_BOUND('',#501,.T.);
#186=FACE_BOUND('',#502,.T.);
#187=FACE_BOUND('',#503,.T.);
#188=FACE_BOUND('',#504,.T.);
#189=FACE_BOUND('',#505,.T.);
#190=FACE_BOUND('',#506,.T.);
#191=ELLIPSE('',#1974,0.0629693640911782,0.0625);
#192=ELLIPSE('',#1975,0.0629693640911782,0.0625);
#193=ELLIPSE('',#1976,0.0629693640911782,0.0625);
#194=ELLIPSE('',#1977,0.0629693640911782,0.0625);
#195=ELLIPSE('',#1980,0.0629693640911782,0.0625);
#196=ELLIPSE('',#1981,0.0629693640911782,0.0625);
#197=ELLIPSE('',#1982,0.0629693640911782,0.0625);
#198=ELLIPSE('',#1983,0.0629693640911782,0.0625);
#199=ELLIPSE('',#2011,0.062969364091178,0.0625);
#200=ELLIPSE('',#2012,0.062969364091178,0.0625);
#201=ELLIPSE('',#2014,0.062969364091178,0.0625);
#202=ELLIPSE('',#2015,0.062969364091178,0.0625);
#203=ELLIPSE('',#2017,0.062969364091178,0.0625);
#204=ELLIPSE('',#2018,0.062969364091178,0.0625);
#205=ELLIPSE('',#2020,0.062969364091178,0.0625);
#206=ELLIPSE('',#2021,0.062969364091178,0.0625);
#207=FACE_OUTER_BOUND('',#301,.T.);
#208=FACE_OUTER_BOUND('',#302,.T.);
#209=FACE_OUTER_BOUND('',#303,.T.);
#210=FACE_OUTER_BOUND('',#308,.T.);
#211=FACE_OUTER_BOUND('',#309,.T.);
#212=FACE_OUTER_BOUND('',#314,.T.);
#213=FACE_OUTER_BOUND('',#315,.T.);
#214=FACE_OUTER_BOUND('',#316,.T.);
#215=FACE_OUTER_BOUND('',#317,.T.);
#216=FACE_OUTER_BOUND('',#325,.T.);
#217=FACE_OUTER_BOUND('',#326,.T.);
#218=FACE_OUTER_BOUND('',#327,.T.);
#219=FACE_OUTER_BOUND('',#328,.T.);
#220=FACE_OUTER_BOUND('',#329,.T.);
#221=FACE_OUTER_BOUND('',#330,.T.);
#222=FACE_OUTER_BOUND('',#331,.T.);
#223=FACE_OUTER_BOUND('',#332,.T.);
#224=FACE_OUTER_BOUND('',#333,.T.);
#225=FACE_OUTER_BOUND('',#334,.T.);
#226=FACE_OUTER_BOUND('',#335,.T.);
#227=FACE_OUTER_BOUND('',#336,.T.);
#228=FACE_OUTER_BOUND('',#337,.T.);
#229=FACE_OUTER_BOUND('',#338,.T.);
#230=FACE_OUTER_BOUND('',#339,.T.);
#231=FACE_OUTER_BOUND('',#340,.T.);
#232=FACE_OUTER_BOUND('',#341,.T.);
#233=FACE_OUTER_BOUND('',#342,.T.);
#234=FACE_OUTER_BOUND('',#343,.T.);
#235=FACE_OUTER_BOUND('',#344,.T.);
#236=FACE_OUTER_BOUND('',#345,.T.);
#237=FACE_OUTER_BOUND('',#346,.T.);
#238=FACE_OUTER_BOUND('',#347,.T.);
#239=FACE_OUTER_BOUND('',#348,.T.);
#240=FACE_OUTER_BOUND('',#349,.T.);
#241=FACE_OUTER_BOUND('',#350,.T.);
#242=FACE_OUTER_BOUND('',#355,.T.);
#243=FACE_OUTER_BOUND('',#356,.T.);
#244=FACE_OUTER_BOUND('',#361,.T.);
#245=FACE_OUTER_BOUND('',#362,.T.);
#246=FACE_OUTER_BOUND('',#363,.T.);
#247=FACE_OUTER_BOUND('',#364,.T.);
#248=FACE_OUTER_BOUND('',#365,.T.);
#249=FACE_OUTER_BOUND('',#366,.T.);
#250=FACE_OUTER_BOUND('',#408,.T.);
#251=FACE_OUTER_BOUND('',#409,.T.);
#252=FACE_OUTER_BOUND('',#410,.T.);
#253=FACE_OUTER_BOUND('',#411,.T.);
#254=FACE_OUTER_BOUND('',#412,.T.);
#255=FACE_OUTER_BOUND('',#413,.T.);
#256=FACE_OUTER_BOUND('',#414,.T.);
#257=FACE_OUTER_BOUND('',#415,.T.);
#258=FACE_OUTER_BOUND('',#423,.T.);
#259=FACE_OUTER_BOUND('',#424,.T.);
#260=FACE_OUTER_BOUND('',#425,.T.);
#261=FACE_OUTER_BOUND('',#426,.T.);
#262=FACE_OUTER_BOUND('',#427,.T.);
#263=FACE_OUTER_BOUND('',#428,.T.);
#264=FACE_OUTER_BOUND('',#429,.T.);
#265=FACE_OUTER_BOUND('',#430,.T.);
#266=FACE_OUTER_BOUND('',#431,.T.);
#267=FACE_OUTER_BOUND('',#432,.T.);
#268=FACE_OUTER_BOUND('',#433,.T.);
#269=FACE_OUTER_BOUND('',#434,.T.);
#270=FACE_OUTER_BOUND('',#435,.T.);
#271=FACE_OUTER_BOUND('',#436,.T.);
#272=FACE_OUTER_BOUND('',#437,.T.);
#273=FACE_OUTER_BOUND('',#438,.T.);
#274=FACE_OUTER_BOUND('',#439,.T.);
#275=FACE_OUTER_BOUND('',#440,.T.);
#276=FACE_OUTER_BOUND('',#441,.T.);
#277=FACE_OUTER_BOUND('',#442,.T.);
#278=FACE_OUTER_BOUND('',#443,.T.);
#279=FACE_OUTER_BOUND('',#444,.T.);
#280=FACE_OUTER_BOUND('',#445,.T.);
#281=FACE_OUTER_BOUND('',#446,.T.);
#282=FACE_OUTER_BOUND('',#447,.T.);
#283=FACE_OUTER_BOUND('',#448,.T.);
#284=FACE_OUTER_BOUND('',#449,.T.);
#285=FACE_OUTER_BOUND('',#450,.T.);
#286=FACE_OUTER_BOUND('',#451,.T.);
#287=FACE_OUTER_BOUND('',#452,.T.);
#288=FACE_OUTER_BOUND('',#453,.T.);
#289=FACE_OUTER_BOUND('',#454,.T.);
#290=FACE_OUTER_BOUND('',#455,.T.);
#291=FACE_OUTER_BOUND('',#456,.T.);
#292=FACE_OUTER_BOUND('',#457,.T.);
#293=FACE_OUTER_BOUND('',#458,.T.);
#294=FACE_OUTER_BOUND('',#459,.T.);
#295=FACE_OUTER_BOUND('',#460,.T.);
#296=FACE_OUTER_BOUND('',#461,.T.);
#297=FACE_OUTER_BOUND('',#462,.T.);
#298=FACE_OUTER_BOUND('',#463,.T.);
#299=FACE_OUTER_BOUND('',#464,.T.);
#300=FACE_OUTER_BOUND('',#465,.T.);
#301=EDGE_LOOP('',(#1311,#1312,#1313,#1314,#1315,#1316,#1317,#1318));
#302=EDGE_LOOP('',(#1319,#1320,#1321,#1322));
#303=EDGE_LOOP('',(#1323,#1324,#1325,#1326));
#304=EDGE_LOOP('',(#1327));
#305=EDGE_LOOP('',(#1328));
#306=EDGE_LOOP('',(#1329));
#307=EDGE_LOOP('',(#1330));
#308=EDGE_LOOP('',(#1331,#1332,#1333,#1334));
#309=EDGE_LOOP('',(#1335,#1336,#1337,#1338));
#310=EDGE_LOOP('',(#1339));
#311=EDGE_LOOP('',(#1340));
#312=EDGE_LOOP('',(#1341));
#313=EDGE_LOOP('',(#1342));
#314=EDGE_LOOP('',(#1343,#1344,#1345,#1346));
#315=EDGE_LOOP('',(#1347,#1348,#1349,#1350,#1351,#1352,#1353,#1354));
#316=EDGE_LOOP('',(#1355,#1356,#1357,#1358));
#317=EDGE_LOOP('',(#1359,#1360,#1361,#1362,#1363,#1364,#1365,#1366));
#318=EDGE_LOOP('',(#1367));
#319=EDGE_LOOP('',(#1368));
#320=EDGE_LOOP('',(#1369));
#321=EDGE_LOOP('',(#1370));
#322=EDGE_LOOP('',(#1371));
#323=EDGE_LOOP('',(#1372));
#324=EDGE_LOOP('',(#1373));
#325=EDGE_LOOP('',(#1374,#1375,#1376,#1377));
#326=EDGE_LOOP('',(#1378,#1379,#1380,#1381,#1382,#1383,#1384,#1385));
#327=EDGE_LOOP('',(#1386,#1387,#1388,#1389,#1390,#1391,#1392,#1393));
#328=EDGE_LOOP('',(#1394,#1395,#1396,#1397));
#329=EDGE_LOOP('',(#1398,#1399,#1400,#1401,#1402,#1403,#1404,#1405));
#330=EDGE_LOOP('',(#1406,#1407,#1408,#1409));
#331=EDGE_LOOP('',(#1410,#1411,#1412,#1413,#1414,#1415,#1416,#1417));
#332=EDGE_LOOP('',(#1418,#1419,#1420,#1421));
#333=EDGE_LOOP('',(#1422,#1423,#1424,#1425));
#334=EDGE_LOOP('',(#1426,#1427,#1428,#1429));
#335=EDGE_LOOP('',(#1430,#1431,#1432,#1433));
#336=EDGE_LOOP('',(#1434,#1435,#1436,#1437));
#337=EDGE_LOOP('',(#1438,#1439,#1440,#1441));
#338=EDGE_LOOP('',(#1442,#1443,#1444,#1445));
#339=EDGE_LOOP('',(#1446,#1447,#1448,#1449));
#340=EDGE_LOOP('',(#1450,#1451,#1452,#1453));
#341=EDGE_LOOP('',(#1454,#1455,#1456,#1457));
#342=EDGE_LOOP('',(#1458,#1459,#1460,#1461));
#343=EDGE_LOOP('',(#1462,#1463,#1464,#1465));
#344=EDGE_LOOP('',(#1466,#1467,#1468,#1469));
#345=EDGE_LOOP('',(#1470,#1471,#1472,#1473));
#346=EDGE_LOOP('',(#1474,#1475,#1476,#1477));
#347=EDGE_LOOP('',(#1478,#1479,#1480,#1481));
#348=EDGE_LOOP('',(#1482,#1483,#1484,#1485));
#349=EDGE_LOOP('',(#1486,#1487,#1488,#1489));
#350=EDGE_LOOP('',(#1490,#1491,#1492,#1493));
#351=EDGE_LOOP('',(#1494));
#352=EDGE_LOOP('',(#1495));
#353=EDGE_LOOP('',(#1496));
#354=EDGE_LOOP('',(#1497));
#355=EDGE_LOOP('',(#1498,#1499,#1500,#1501));
#356=EDGE_LOOP('',(#1502,#1503,#1504,#1505));
#357=EDGE_LOOP('',(#1506));
#358=EDGE_LOOP('',(#1507));
#359=EDGE_LOOP('',(#1508));
#360=EDGE_LOOP('',(#1509));
#361=EDGE_LOOP('',(#1510,#1511,#1512,#1513));
#362=EDGE_LOOP('',(#1514,#1515,#1516,#1517));
#363=EDGE_LOOP('',(#1518,#1519,#1520,#1521));
#364=EDGE_LOOP('',(#1522,#1523,#1524,#1525));
#365=EDGE_LOOP('',(#1526,#1527,#1528,#1529));
#366=EDGE_LOOP('',(#1530,#1531,#1532,#1533));
#367=EDGE_LOOP('',(#1534));
#368=EDGE_LOOP('',(#1535));
#369=EDGE_LOOP('',(#1536));
#370=EDGE_LOOP('',(#1537));
#371=EDGE_LOOP('',(#1538));
#372=EDGE_LOOP('',(#1539));
#373=EDGE_LOOP('',(#1540));
#374=EDGE_LOOP('',(#1541));
#375=EDGE_LOOP('',(#1542));
#376=EDGE_LOOP('',(#1543));
#377=EDGE_LOOP('',(#1544));
#378=EDGE_LOOP('',(#1545));
#379=EDGE_LOOP('',(#1546));
#380=EDGE_LOOP('',(#1547));
#381=EDGE_LOOP('',(#1548));
#382=EDGE_LOOP('',(#1549));
#383=EDGE_LOOP('',(#1550));
#384=EDGE_LOOP('',(#1551));
#385=EDGE_LOOP('',(#1552));
#386=EDGE_LOOP('',(#1553));
#387=EDGE_LOOP('',(#1554));
#388=EDGE_LOOP('',(#1555));
#389=EDGE_LOOP('',(#1556));
#390=EDGE_LOOP('',(#1557));
#391=EDGE_LOOP('',(#1558));
#392=EDGE_LOOP('',(#1559));
#393=EDGE_LOOP('',(#1560));
#394=EDGE_LOOP('',(#1561));
#395=EDGE_LOOP('',(#1562));
#396=EDGE_LOOP('',(#1563));
#397=EDGE_LOOP('',(#1564));
#398=EDGE_LOOP('',(#1565));
#399=EDGE_LOOP('',(#1566));
#400=EDGE_LOOP('',(#1567));
#401=EDGE_LOOP('',(#1568));
#402=EDGE_LOOP('',(#1569));
#403=EDGE_LOOP('',(#1570));
#404=EDGE_LOOP('',(#1571));
#405=EDGE_LOOP('',(#1572));
#406=EDGE_LOOP('',(#1573));
#407=EDGE_LOOP('',(#1574));
#408=EDGE_LOOP('',(#1575,#1576,#1577,#1578));
#409=EDGE_LOOP('',(#1579,#1580,#1581,#1582));
#410=EDGE_LOOP('',(#1583,#1584,#1585,#1586));
#411=EDGE_LOOP('',(#1587,#1588,#1589,#1590));
#412=EDGE_LOOP('',(#1591,#1592,#1593,#1594));
#413=EDGE_LOOP('',(#1595,#1596,#1597,#1598));
#414=EDGE_LOOP('',(#1599,#1600,#1601,#1602));
#415=EDGE_LOOP('',(#1603,#1604,#1605,#1606,#1607,#1608,#1609,#1610));
#416=EDGE_LOOP('',(#1611));
#417=EDGE_LOOP('',(#1612));
#418=EDGE_LOOP('',(#1613));
#419=EDGE_LOOP('',(#1614));
#420=EDGE_LOOP('',(#1615));
#421=EDGE_LOOP('',(#1616));
#422=EDGE_LOOP('',(#1617));
#423=EDGE_LOOP('',(#1618,#1619,#1620,#1621));
#424=EDGE_LOOP('',(#1622,#1623,#1624,#1625));
#425=EDGE_LOOP('',(#1626,#1627,#1628,#1629));
#426=EDGE_LOOP('',(#1630,#1631,#1632,#1633));
#427=EDGE_LOOP('',(#1634,#1635,#1636,#1637));
#428=EDGE_LOOP('',(#1638,#1639,#1640,#1641));
#429=EDGE_LOOP('',(#1642,#1643,#1644,#1645));
#430=EDGE_LOOP('',(#1646,#1647,#1648,#1649));
#431=EDGE_LOOP('',(#1650,#1651,#1652,#1653));
#432=EDGE_LOOP('',(#1654,#1655,#1656,#1657));
#433=EDGE_LOOP('',(#1658,#1659,#1660,#1661));
#434=EDGE_LOOP('',(#1662,#1663,#1664,#1665));
#435=EDGE_LOOP('',(#1666,#1667,#1668,#1669));
#436=EDGE_LOOP('',(#1670,#1671,#1672,#1673));
#437=EDGE_LOOP('',(#1674,#1675,#1676,#1677));
#438=EDGE_LOOP('',(#1678,#1679,#1680,#1681));
#439=EDGE_LOOP('',(#1682,#1683,#1684,#1685));
#440=EDGE_LOOP('',(#1686,#1687,#1688,#1689));
#441=EDGE_LOOP('',(#1690,#1691,#1692,#1693));
#442=EDGE_LOOP('',(#1694,#1695,#1696,#1697));
#443=EDGE_LOOP('',(#1698,#1699,#1700,#1701));
#444=EDGE_LOOP('',(#1702,#1703,#1704,#1705));
#445=EDGE_LOOP('',(#1706,#1707,#1708,#1709));
#446=EDGE_LOOP('',(#1710,#1711,#1712,#1713));
#447=EDGE_LOOP('',(#1714,#1715,#1716,#1717));
#448=EDGE_LOOP('',(#1718,#1719,#1720,#1721));
#449=EDGE_LOOP('',(#1722,#1723,#1724,#1725));
#450=EDGE_LOOP('',(#1726,#1727,#1728,#1729));
#451=EDGE_LOOP('',(#1730,#1731,#1732,#1733));
#452=EDGE_LOOP('',(#1734,#1735,#1736,#1737));
#453=EDGE_LOOP('',(#1738,#1739,#1740,#1741));
#454=EDGE_LOOP('',(#1742,#1743,#1744,#1745));
#455=EDGE_LOOP('',(#1746,#1747,#1748,#1749));
#456=EDGE_LOOP('',(#1750,#1751,#1752,#1753));
#457=EDGE_LOOP('',(#1754,#1755,#1756,#1757));
#458=EDGE_LOOP('',(#1758,#1759,#1760,#1761));
#459=EDGE_LOOP('',(#1762,#1763,#1764,#1765));
#460=EDGE_LOOP('',(#1766,#1767,#1768,#1769));
#461=EDGE_LOOP('',(#1770,#1771,#1772,#1773));
#462=EDGE_LOOP('',(#1774,#1775,#1776,#1777));
#463=EDGE_LOOP('',(#1778,#1779,#1780,#1781));
#464=EDGE_LOOP('',(#1782,#1783,#1784,#1785));
#465=EDGE_LOOP('',(#1786,#1787,#1788,#1789));
#466=EDGE_LOOP('',(#1790));
#467=EDGE_LOOP('',(#1791));
#468=EDGE_LOOP('',(#1792));
#469=EDGE_LOOP('',(#1793));
#470=EDGE_LOOP('',(#1794));
#471=EDGE_LOOP('',(#1795));
#472=EDGE_LOOP('',(#1796));
#473=EDGE_LOOP('',(#1797));
#474=EDGE_LOOP('',(#1798));
#475=EDGE_LOOP('',(#1799));
#476=EDGE_LOOP('',(#1800));
#477=EDGE_LOOP('',(#1801));
#478=EDGE_LOOP('',(#1802));
#479=EDGE_LOOP('',(#1803));
#480=EDGE_LOOP('',(#1804));
#481=EDGE_LOOP('',(#1805));
#482=EDGE_LOOP('',(#1806));
#483=EDGE_LOOP('',(#1807));
#484=EDGE_LOOP('',(#1808));
#485=EDGE_LOOP('',(#1809));
#486=EDGE_LOOP('',(#1810));
#487=EDGE_LOOP('',(#1811));
#488=EDGE_LOOP('',(#1812));
#489=EDGE_LOOP('',(#1813));
#490=EDGE_LOOP('',(#1814));
#491=EDGE_LOOP('',(#1815));
#492=EDGE_LOOP('',(#1816));
#493=EDGE_LOOP('',(#1817));
#494=EDGE_LOOP('',(#1818));
#495=EDGE_LOOP('',(#1819));
#496=EDGE_LOOP('',(#1820));
#497=EDGE_LOOP('',(#1821));
#498=EDGE_LOOP('',(#1822));
#499=EDGE_LOOP('',(#1823));
#500=EDGE_LOOP('',(#1824));
#501=EDGE_LOOP('',(#1825));
#502=EDGE_LOOP('',(#1826));
#503=EDGE_LOOP('',(#1827));
#504=EDGE_LOOP('',(#1828));
#505=EDGE_LOOP('',(#1829));
#506=EDGE_LOOP('',(#1830));
#507=CIRCLE('',#1970,0.0980000000000015);
#508=CIRCLE('',#1971,0.0349999999999989);
#509=CIRCLE('',#1985,0.0980000000000015);
#510=CIRCLE('',#1987,0.0349999999999989);
#511=CIRCLE('',#1990,0.2);
#512=CIRCLE('',#1991,0.2);
#513=CIRCLE('',#1992,0.2);
#514=CIRCLE('',#1993,0.2);
#515=CIRCLE('',#1994,0.075);
#516=CIRCLE('',#1995,0.075);
#517=CIRCLE('',#1996,0.35);
#518=CIRCLE('',#1999,0.0980000000000003);
#519=CIRCLE('',#2000,0.035);
#520=CIRCLE('',#2006,0.035);
#521=CIRCLE('',#2007,0.0980000000000003);
#522=CIRCLE('',#2027,0.35);
#523=CIRCLE('',#2029,0.075);
#524=CIRCLE('',#2031,0.075);
#525=CIRCLE('',#2033,0.2);
#526=CIRCLE('',#2035,0.2);
#527=CIRCLE('',#2037,0.2);
#528=CIRCLE('',#2039,0.2);
#529=CIRCLE('',#2045,0.035);
#530=CIRCLE('',#2046,0.0349999999999999);
#531=CIRCLE('',#2048,0.0979999999999999);
#532=CIRCLE('',#2050,0.0979999999999999);
#533=CIRCLE('',#2054,0.249999999999999);
#534=CIRCLE('',#2055,0.25);
#535=CIRCLE('',#2056,0.0999999999999991);
#536=CIRCLE('',#2057,0.249999999999999);
#537=CIRCLE('',#2058,0.100000000000001);
#538=CIRCLE('',#2059,0.0999999999999998);
#539=CIRCLE('',#2060,0.0999999999999991);
#540=CIRCLE('',#2061,0.25);
#541=CIRCLE('',#2062,0.0999999999999991);
#542=CIRCLE('',#2063,0.0999999999999991);
#543=CIRCLE('',#2064,0.249999999999999);
#544=CIRCLE('',#2065,0.0999999999999998);
#545=CIRCLE('',#2066,0.25);
#546=CIRCLE('',#2067,0.250000000000001);
#547=CIRCLE('',#2068,0.249999999999999);
#548=CIRCLE('',#2069,0.100000000000001);
#549=CIRCLE('',#2070,0.249999999999999);
#550=CIRCLE('',#2071,0.250000000000001);
#551=CIRCLE('',#2072,0.0999999999999991);
#552=CIRCLE('',#2073,0.249999999999999);
#553=CIRCLE('',#2074,0.0999999999999991);
#554=CIRCLE('',#2075,0.100000000000001);
#555=CIRCLE('',#2076,0.250000000000001);
#556=CIRCLE('',#2077,0.100000000000001);
#557=CIRCLE('',#2078,0.250000000000001);
#558=CIRCLE('',#2079,0.249999999999999);
#559=CIRCLE('',#2080,0.100000000000001);
#560=CIRCLE('',#2081,0.250000000000001);
#561=CIRCLE('',#2082,0.100000000000001);
#562=CIRCLE('',#2083,0.249999999999999);
#563=CIRCLE('',#2084,0.250000000000001);
#564=CIRCLE('',#2085,0.0999999999999991);
#565=CIRCLE('',#2086,0.25);
#566=CIRCLE('',#2087,0.25);
#567=CIRCLE('',#2088,0.25);
#568=CIRCLE('',#2089,0.1);
#569=CIRCLE('',#2090,0.25);
#570=CIRCLE('',#2091,0.25);
#571=CIRCLE('',#2092,0.1);
#572=CIRCLE('',#2093,0.1);
#573=CIRCLE('',#2094,0.0999999999999998);
#574=CIRCLE('',#2098,0.0349999999999996);
#575=CIRCLE('',#2099,0.0349999999999993);
#576=CIRCLE('',#2102,0.0979999999999993);
#577=CIRCLE('',#2104,0.0979999999999993);
#578=CIRCLE('',#2109,0.249999999999999);
#579=CIRCLE('',#2111,0.25);
#580=CIRCLE('',#2113,0.0999999999999991);
#581=CIRCLE('',#2115,0.249999999999999);
#582=CIRCLE('',#2117,0.100000000000001);
#583=CIRCLE('',#2119,0.0999999999999998);
#584=CIRCLE('',#2121,0.0999999999999991);
#585=CIRCLE('',#2123,0.25);
#586=CIRCLE('',#2125,0.0999999999999991);
#587=CIRCLE('',#2127,0.0999999999999991);
#588=CIRCLE('',#2129,0.249999999999999);
#589=CIRCLE('',#2131,0.0999999999999998);
#590=CIRCLE('',#2133,0.25);
#591=CIRCLE('',#2135,0.250000000000001);
#592=CIRCLE('',#2137,0.249999999999999);
#593=CIRCLE('',#2139,0.100000000000001);
#594=CIRCLE('',#2141,0.249999999999999);
#595=CIRCLE('',#2143,0.250000000000001);
#596=CIRCLE('',#2145,0.0999999999999991);
#597=CIRCLE('',#2147,0.249999999999999);
#598=CIRCLE('',#2149,0.0999999999999991);
#599=CIRCLE('',#2151,0.100000000000001);
#600=CIRCLE('',#2153,0.250000000000001);
#601=CIRCLE('',#2155,0.100000000000001);
#602=CIRCLE('',#2157,0.250000000000001);
#603=CIRCLE('',#2159,0.249999999999999);
#604=CIRCLE('',#2161,0.100000000000001);
#605=CIRCLE('',#2163,0.250000000000001);
#606=CIRCLE('',#2165,0.100000000000001);
#607=CIRCLE('',#2167,0.249999999999999);
#608=CIRCLE('',#2169,0.250000000000001);
#609=CIRCLE('',#2171,0.0999999999999991);
#610=CIRCLE('',#2173,0.25);
#611=CIRCLE('',#2175,0.25);
#612=CIRCLE('',#2177,0.25);
#613=CIRCLE('',#2179,0.1);
#614=CIRCLE('',#2181,0.25);
#615=CIRCLE('',#2183,0.25);
#616=CIRCLE('',#2185,0.1);
#617=CIRCLE('',#2187,0.1);
#618=CIRCLE('',#2189,0.0999999999999998);
#619=LINE('',#2773,#751);
#620=LINE('',#2775,#752);
#621=LINE('',#2777,#753);
#622=LINE('',#2781,#754);
#623=LINE('',#2783,#755);
#624=LINE('',#2785,#756);
#625=LINE('',#2789,#757);
#626=LINE('',#2791,#758);
#627=LINE('',#2792,#759);
#628=LINE('',#2795,#760);
#629=LINE('',#2797,#761);
#630=LINE('',#2798,#762);
#631=LINE('',#2809,#763);
#632=LINE('',#2810,#764);
#633=LINE('',#2813,#765);
#634=LINE('',#2814,#766);
#635=LINE('',#2825,#767);
#636=LINE('',#2829,#768);
#637=LINE('',#2831,#769);
#638=LINE('',#2833,#770);
#639=LINE('',#2838,#771);
#640=LINE('',#2839,#772);
#641=LINE('',#2840,#773);
#642=LINE('',#2843,#774);
#643=LINE('',#2845,#775);
#644=LINE('',#2846,#776);
#645=LINE('',#2864,#777);
#646=LINE('',#2866,#778);
#647=LINE('',#2868,#779);
#648=LINE('',#2869,#780);
#649=LINE('',#2875,#781);
#650=LINE('',#2877,#782);
#651=LINE('',#2879,#783);
#652=LINE('',#2882,#784);
#653=LINE('',#2883,#785);
#654=LINE('',#2886,#786);
#655=LINE('',#2888,#787);
#656=LINE('',#2890,#788);
#657=LINE('',#2892,#789);
#658=LINE('',#2894,#790);
#659=LINE('',#2895,#791);
#660=LINE('',#2898,#792);
#661=LINE('',#2899,#793);
#662=LINE('',#2902,#794);
#663=LINE('',#2904,#795);
#664=LINE('',#2906,#796);
#665=LINE('',#2908,#797);
#666=LINE('',#2909,#798);
#667=LINE('',#2911,#799);
#668=LINE('',#2912,#800);
#669=LINE('',#2917,#801);
#670=LINE('',#2919,#802);
#671=LINE('',#2921,#803);
#672=LINE('',#2924,#804);
#673=LINE('',#2926,#805);
#674=LINE('',#2931,#806);
#675=LINE('',#2937,#807);
#676=LINE('',#2943,#808);
#677=LINE('',#2949,#809);
#678=LINE('',#2952,#810);
#679=LINE('',#2954,#811);
#680=LINE('',#2956,#812);
#681=LINE('',#2958,#813);
#682=LINE('',#2961,#814);
#683=LINE('',#2965,#815);
#684=LINE('',#2969,#816);
#685=LINE('',#2973,#817);
#686=LINE('',#2977,#818);
#687=LINE('',#2981,#819);
#688=LINE('',#2985,#820);
#689=LINE('',#2988,#821);
#690=LINE('',#2990,#822);
#691=LINE('',#2992,#823);
#692=LINE('',#2998,#824);
#693=LINE('',#3003,#825);
#694=LINE('',#3006,#826);
#695=LINE('',#3009,#827);
#696=LINE('',#3012,#828);
#697=LINE('',#3014,#829);
#698=LINE('',#3015,#830);
#699=LINE('',#3018,#831);
#700=LINE('',#3019,#832);
#701=LINE('',#3103,#833);
#702=LINE('',#3106,#834);
#703=LINE('',#3107,#835);
#704=LINE('',#3110,#836);
#705=LINE('',#3114,#837);
#706=LINE('',#3115,#838);
#707=LINE('',#3120,#839);
#708=LINE('',#3123,#840);
#709=LINE('',#3126,#841);
#710=LINE('',#3130,#842);
#711=LINE('',#3134,#843);
#712=LINE('',#3138,#844);
#713=LINE('',#3142,#845);
#714=LINE('',#3146,#846);
#715=LINE('',#3150,#847);
#716=LINE('',#3154,#848);
#717=LINE('',#3158,#849);
#718=LINE('',#3162,#850);
#719=LINE('',#3166,#851);
#720=LINE('',#3170,#852);
#721=LINE('',#3174,#853);
#722=LINE('',#3178,#854);
#723=LINE('',#3182,#855);
#724=LINE('',#3186,#856);
#725=LINE('',#3190,#857);
#726=LINE('',#3194,#858);
#727=LINE('',#3198,#859);
#728=LINE('',#3202,#860);
#729=LINE('',#3206,#861);
#730=LINE('',#3210,#862);
#731=LINE('',#3214,#863);
#732=LINE('',#3218,#864);
#733=LINE('',#3222,#865);
#734=LINE('',#3226,#866);
#735=LINE('',#3230,#867);
#736=LINE('',#3234,#868);
#737=LINE('',#3238,#869);
#738=LINE('',#3242,#870);
#739=LINE('',#3246,#871);
#740=LINE('',#3250,#872);
#741=LINE('',#3254,#873);
#742=LINE('',#3258,#874);
#743=LINE('',#3262,#875);
#744=LINE('',#3266,#876);
#745=LINE('',#3270,#877);
#746=LINE('',#3274,#878);
#747=LINE('',#3278,#879);
#748=LINE('',#3282,#880);
#749=LINE('',#3286,#881);
#750=LINE('',#3290,#882);
#751=VECTOR('',#2195,0.393700787401575);
#752=VECTOR('',#2196,0.393700787401575);
#753=VECTOR('',#2197,0.393700787401575);
#754=VECTOR('',#2200,0.393700787401575);
#755=VECTOR('',#2201,0.393700787401575);
#756=VECTOR('',#2202,0.393700787401575);
#757=VECTOR('',#2207,0.393700787401575);
#758=VECTOR('',#2208,0.393700787401575);
#759=VECTOR('',#2209,0.393700787401575);
#760=VECTOR('',#2212,0.393700787401575);
#761=VECTOR('',#2213,0.393700787401575);
#762=VECTOR('',#2214,0.393700787401575);
#763=VECTOR('',#2225,0.393700787401575);
#764=VECTOR('',#2226,0.393700787401575);
#765=VECTOR('',#2229,0.393700787401575);
#766=VECTOR('',#2230,0.393700787401575);
#767=VECTOR('',#2241,0.393700787401575);
#768=VECTOR('',#2246,0.393700787401575);
#769=VECTOR('',#2247,0.393700787401575);
#770=VECTOR('',#2248,0.393700787401575);
#771=VECTOR('',#2253,0.393700787401575);
#772=VECTOR('',#2254,0.393700787401575);
#773=VECTOR('',#2255,0.393700787401575);
#774=VECTOR('',#2258,0.0614599999999993);
#775=VECTOR('',#2259,0.393700787401575);
#776=VECTOR('',#2260,0.0614599999999993);
#777=VECTOR('',#2277,0.393700787401575);
#778=VECTOR('',#2278,0.393700787401575);
#779=VECTOR('',#2279,0.393700787401575);
#780=VECTOR('',#2280,0.393700787401575);
#781=VECTOR('',#2285,0.393700787401575);
#782=VECTOR('',#2286,0.393700787401575);
#783=VECTOR('',#2287,0.393700787401575);
#784=VECTOR('',#2290,0.393700787401575);
#785=VECTOR('',#2291,0.393700787401575);
#786=VECTOR('',#2294,0.06146);
#787=VECTOR('',#2295,0.393700787401575);
#788=VECTOR('',#2296,0.06146);
#789=VECTOR('',#2297,0.393700787401575);
#790=VECTOR('',#2298,0.393700787401575);
#791=VECTOR('',#2299,0.393700787401575);
#792=VECTOR('',#2302,0.06146);
#793=VECTOR('',#2303,0.393700787401575);
#794=VECTOR('',#2306,0.393700787401575);
#795=VECTOR('',#2307,0.393700787401575);
#796=VECTOR('',#2308,0.393700787401575);
#797=VECTOR('',#2309,0.393700787401575);
#798=VECTOR('',#2310,0.393700787401575);
#799=VECTOR('',#2313,0.393700787401575);
#800=VECTOR('',#2314,0.393700787401575);
#801=VECTOR('',#2319,0.393700787401575);
#802=VECTOR('',#2320,0.393700787401575);
#803=VECTOR('',#2321,0.393700787401575);
#804=VECTOR('',#2326,0.393700787401575);
#805=VECTOR('',#2329,0.393700787401575);
#806=VECTOR('',#2334,0.0625);
#807=VECTOR('',#2341,0.0625);
#808=VECTOR('',#2348,0.0625);
#809=VECTOR('',#2355,0.0625);
#810=VECTOR('',#2360,0.0625);
#811=VECTOR('',#2363,0.0625);
#812=VECTOR('',#2366,0.0625);
#813=VECTOR('',#2369,0.0625);
#814=VECTOR('',#2372,0.35);
#815=VECTOR('',#2377,0.075);
#816=VECTOR('',#2382,0.075);
#817=VECTOR('',#2387,0.2);
#818=VECTOR('',#2392,0.2);
#819=VECTOR('',#2397,0.2);
#820=VECTOR('',#2402,0.2);
#821=VECTOR('',#2407,0.393700787401575);
#822=VECTOR('',#2410,0.393700787401575);
#823=VECTOR('',#2413,0.393700787401575);
#824=VECTOR('',#2420,0.393700787401575);
#825=VECTOR('',#2427,0.393700787401575);
#826=VECTOR('',#2430,0.393700787401575);
#827=VECTOR('',#2435,0.393700787401575);
#828=VECTOR('',#2438,0.393700787401575);
#829=VECTOR('',#2439,0.393700787401575);
#830=VECTOR('',#2440,0.393700787401575);
#831=VECTOR('',#2443,0.393700787401575);
#832=VECTOR('',#2444,0.393700787401575);
#833=VECTOR('',#2529,0.393700787401575);
#834=VECTOR('',#2532,0.393700787401575);
#835=VECTOR('',#2533,0.393700787401575);
#836=VECTOR('',#2536,0.393700787401575);
#837=VECTOR('',#2543,0.0614599999999993);
#838=VECTOR('',#2544,0.393700787401575);
#839=VECTOR('',#2551,0.393700787401575);
#840=VECTOR('',#2556,0.393700787401575);
#841=VECTOR('',#2561,0.393700787401575);
#842=VECTOR('',#2566,0.249999999999999);
#843=VECTOR('',#2571,0.25);
#844=VECTOR('',#2576,0.0999999999999991);
#845=VECTOR('',#2581,0.249999999999999);
#846=VECTOR('',#2586,0.100000000000001);
#847=VECTOR('',#2591,0.0999999999999998);
#848=VECTOR('',#2596,0.0999999999999991);
#849=VECTOR('',#2601,0.25);
#850=VECTOR('',#2606,0.0999999999999991);
#851=VECTOR('',#2611,0.0999999999999991);
#852=VECTOR('',#2616,0.249999999999999);
#853=VECTOR('',#2621,0.0999999999999998);
#854=VECTOR('',#2626,0.25);
#855=VECTOR('',#2631,0.250000000000001);
#856=VECTOR('',#2636,0.249999999999999);
#857=VECTOR('',#2641,0.100000000000001);
#858=VECTOR('',#2646,0.249999999999999);
#859=VECTOR('',#2651,0.250000000000001);
#860=VECTOR('',#2656,0.0999999999999991);
#861=VECTOR('',#2661,0.249999999999999);
#862=VECTOR('',#2666,0.0999999999999991);
#863=VECTOR('',#2671,0.100000000000001);
#864=VECTOR('',#2676,0.250000000000001);
#865=VECTOR('',#2681,0.100000000000001);
#866=VECTOR('',#2686,0.250000000000001);
#867=VECTOR('',#2691,0.249999999999999);
#868=VECTOR('',#2696,0.100000000000001);
#869=VECTOR('',#2701,0.250000000000001);
#870=VECTOR('',#2706,0.100000000000001);
#871=VECTOR('',#2711,0.249999999999999);
#872=VECTOR('',#2716,0.250000000000001);
#873=VECTOR('',#2721,0.0999999999999991);
#874=VECTOR('',#2726,0.25);
#875=VECTOR('',#2731,0.25);
#876=VECTOR('',#2736,0.25);
#877=VECTOR('',#2741,0.1);
#878=VECTOR('',#2746,0.25);
#879=VECTOR('',#2751,0.25);
#880=VECTOR('',#2756,0.1);
#881=VECTOR('',#2761,0.1);
#882=VECTOR('',#2766,0.0999999999999998);
#883=VERTEX_POINT('',#2771);
#884=VERTEX_POINT('',#2772);
#885=VERTEX_POINT('',#2774);
#886=VERTEX_POINT('',#2776);
#887=VERTEX_POINT('',#2778);
#888=VERTEX_POINT('',#2780);
#889=VERTEX_POINT('',#2782);
#890=VERTEX_POINT('',#2784);
#891=VERTEX_POINT('',#2788);
#892=VERTEX_POINT('',#2790);
#893=VERTEX_POINT('',#2794);
#894=VERTEX_POINT('',#2796);
#895=VERTEX_POINT('',#2799);
#896=VERTEX_POINT('',#2801);
#897=VERTEX_POINT('',#2803);
#898=VERTEX_POINT('',#2805);
#899=VERTEX_POINT('',#2808);
#900=VERTEX_POINT('',#2812);
#901=VERTEX_POINT('',#2815);
#902=VERTEX_POINT('',#2817);
#903=VERTEX_POINT('',#2819);
#904=VERTEX_POINT('',#2821);
#905=VERTEX_POINT('',#2824);
#906=VERTEX_POINT('',#2828);
#907=VERTEX_POINT('',#2830);
#908=VERTEX_POINT('',#2832);
#909=VERTEX_POINT('',#2836);
#910=VERTEX_POINT('',#2837);
#911=VERTEX_POINT('',#2842);
#912=VERTEX_POINT('',#2844);
#913=VERTEX_POINT('',#2847);
#914=VERTEX_POINT('',#2849);
#915=VERTEX_POINT('',#2851);
#916=VERTEX_POINT('',#2853);
#917=VERTEX_POINT('',#2855);
#918=VERTEX_POINT('',#2857);
#919=VERTEX_POINT('',#2859);
#920=VERTEX_POINT('',#2862);
#921=VERTEX_POINT('',#2863);
#922=VERTEX_POINT('',#2865);
#923=VERTEX_POINT('',#2867);
#924=VERTEX_POINT('',#2871);
#925=VERTEX_POINT('',#2872);
#926=VERTEX_POINT('',#2874);
#927=VERTEX_POINT('',#2876);
#928=VERTEX_POINT('',#2878);
#929=VERTEX_POINT('',#2880);
#930=VERTEX_POINT('',#2885);
#931=VERTEX_POINT('',#2887);
#932=VERTEX_POINT('',#2889);
#933=VERTEX_POINT('',#2891);
#934=VERTEX_POINT('',#2893);
#935=VERTEX_POINT('',#2897);
#936=VERTEX_POINT('',#2901);
#937=VERTEX_POINT('',#2903);
#938=VERTEX_POINT('',#2905);
#939=VERTEX_POINT('',#2907);
#940=VERTEX_POINT('',#2914);
#941=VERTEX_POINT('',#2916);
#942=VERTEX_POINT('',#2918);
#943=VERTEX_POINT('',#2920);
#944=VERTEX_POINT('',#2928);
#945=VERTEX_POINT('',#2930);
#946=VERTEX_POINT('',#2934);
#947=VERTEX_POINT('',#2936);
#948=VERTEX_POINT('',#2940);
#949=VERTEX_POINT('',#2942);
#950=VERTEX_POINT('',#2946);
#951=VERTEX_POINT('',#2948);
#952=VERTEX_POINT('',#2960);
#953=VERTEX_POINT('',#2964);
#954=VERTEX_POINT('',#2968);
#955=VERTEX_POINT('',#2972);
#956=VERTEX_POINT('',#2976);
#957=VERTEX_POINT('',#2980);
#958=VERTEX_POINT('',#2984);
#959=VERTEX_POINT('',#2995);
#960=VERTEX_POINT('',#2997);
#961=VERTEX_POINT('',#3001);
#962=VERTEX_POINT('',#3005);
#963=VERTEX_POINT('',#3011);
#964=VERTEX_POINT('',#3013);
#965=VERTEX_POINT('',#3017);
#966=VERTEX_POINT('',#3020);
#967=VERTEX_POINT('',#3022);
#968=VERTEX_POINT('',#3024);
#969=VERTEX_POINT('',#3026);
#970=VERTEX_POINT('',#3028);
#971=VERTEX_POINT('',#3030);
#972=VERTEX_POINT('',#3032);
#973=VERTEX_POINT('',#3034);
#974=VERTEX_POINT('',#3036);
#975=VERTEX_POINT('',#3038);
#976=VERTEX_POINT('',#3040);
#977=VERTEX_POINT('',#3042);
#978=VERTEX_POINT('',#3044);
#979=VERTEX_POINT('',#3046);
#980=VERTEX_POINT('',#3048);
#981=VERTEX_POINT('',#3050);
#982=VERTEX_POINT('',#3052);
#983=VERTEX_POINT('',#3054);
#984=VERTEX_POINT('',#3056);
#985=VERTEX_POINT('',#3058);
#986=VERTEX_POINT('',#3060);
#987=VERTEX_POINT('',#3062);
#988=VERTEX_POINT('',#3064);
#989=VERTEX_POINT('',#3066);
#990=VERTEX_POINT('',#3068);
#991=VERTEX_POINT('',#3070);
#992=VERTEX_POINT('',#3072);
#993=VERTEX_POINT('',#3074);
#994=VERTEX_POINT('',#3076);
#995=VERTEX_POINT('',#3078);
#996=VERTEX_POINT('',#3080);
#997=VERTEX_POINT('',#3082);
#998=VERTEX_POINT('',#3084);
#999=VERTEX_POINT('',#3086);
#1000=VERTEX_POINT('',#3088);
#1001=VERTEX_POINT('',#3090);
#1002=VERTEX_POINT('',#3092);
#1003=VERTEX_POINT('',#3094);
#1004=VERTEX_POINT('',#3096);
#1005=VERTEX_POINT('',#3098);
#1006=VERTEX_POINT('',#3100);
#1007=VERTEX_POINT('',#3105);
#1008=VERTEX_POINT('',#3109);
#1009=VERTEX_POINT('',#3119);
#1010=VERTEX_POINT('',#3128);
#1011=VERTEX_POINT('',#3132);
#1012=VERTEX_POINT('',#3136);
#1013=VERTEX_POINT('',#3140);
#1014=VERTEX_POINT('',#3144);
#1015=VERTEX_POINT('',#3148);
#1016=VERTEX_POINT('',#3152);
#1017=VERTEX_POINT('',#3156);
#1018=VERTEX_POINT('',#3160);
#1019=VERTEX_POINT('',#3164);
#1020=VERTEX_POINT('',#3168);
#1021=VERTEX_POINT('',#3172);
#1022=VERTEX_POINT('',#3176);
#1023=VERTEX_POINT('',#3180);
#1024=VERTEX_POINT('',#3184);
#1025=VERTEX_POINT('',#3188);
#1026=VERTEX_POINT('',#3192);
#1027=VERTEX_POINT('',#3196);
#1028=VERTEX_POINT('',#3200);
#1029=VERTEX_POINT('',#3204);
#1030=VERTEX_POINT('',#3208);
#1031=VERTEX_POINT('',#3212);
#1032=VERTEX_POINT('',#3216);
#1033=VERTEX_POINT('',#3220);
#1034=VERTEX_POINT('',#3224);
#1035=VERTEX_POINT('',#3228);
#1036=VERTEX_POINT('',#3232);
#1037=VERTEX_POINT('',#3236);
#1038=VERTEX_POINT('',#3240);
#1039=VERTEX_POINT('',#3244);
#1040=VERTEX_POINT('',#3248);
#1041=VERTEX_POINT('',#3252);
#1042=VERTEX_POINT('',#3256);
#1043=VERTEX_POINT('',#3260);
#1044=VERTEX_POINT('',#3264);
#1045=VERTEX_POINT('',#3268);
#1046=VERTEX_POINT('',#3272);
#1047=VERTEX_POINT('',#3276);
#1048=VERTEX_POINT('',#3280);
#1049=VERTEX_POINT('',#3284);
#1050=VERTEX_POINT('',#3288);
#1051=EDGE_CURVE('',#883,#884,#619,.T.);
#1052=EDGE_CURVE('',#883,#885,#620,.T.);
#1053=EDGE_CURVE('',#886,#885,#621,.T.);
#1054=EDGE_CURVE('',#887,#886,#507,.T.);
#1055=EDGE_CURVE('',#888,#887,#622,.T.);
#1056=EDGE_CURVE('',#889,#888,#623,.T.);
#1057=EDGE_CURVE('',#890,#889,#624,.T.);
#1058=EDGE_CURVE('',#884,#890,#508,.T.);
#1059=EDGE_CURVE('',#891,#883,#625,.T.);
#1060=EDGE_CURVE('',#892,#891,#626,.T.);
#1061=EDGE_CURVE('',#885,#892,#627,.T.);
#1062=EDGE_CURVE('',#889,#893,#628,.T.);
#1063=EDGE_CURVE('',#893,#894,#629,.T.);
#1064=EDGE_CURVE('',#894,#890,#630,.T.);
#1065=EDGE_CURVE('',#895,#895,#191,.T.);
#1066=EDGE_CURVE('',#896,#896,#192,.T.);
#1067=EDGE_CURVE('',#897,#897,#193,.T.);
#1068=EDGE_CURVE('',#898,#898,#194,.T.);
#1069=EDGE_CURVE('',#899,#888,#631,.T.);
#1070=EDGE_CURVE('',#899,#893,#632,.T.);
#1071=EDGE_CURVE('',#887,#900,#633,.T.);
#1072=EDGE_CURVE('',#900,#899,#634,.T.);
#1073=EDGE_CURVE('',#901,#901,#195,.T.);
#1074=EDGE_CURVE('',#902,#902,#196,.T.);
#1075=EDGE_CURVE('',#903,#903,#197,.T.);
#1076=EDGE_CURVE('',#904,#904,#198,.T.);
#1077=EDGE_CURVE('',#905,#886,#635,.T.);
#1078=EDGE_CURVE('',#905,#900,#509,.T.);
#1079=EDGE_CURVE('',#906,#905,#636,.T.);
#1080=EDGE_CURVE('',#907,#906,#637,.T.);
#1081=EDGE_CURVE('',#908,#907,#638,.T.);
#1082=EDGE_CURVE('',#894,#908,#510,.T.);
#1083=EDGE_CURVE('',#909,#910,#639,.T.);
#1084=EDGE_CURVE('',#907,#909,#640,.T.);
#1085=EDGE_CURVE('',#910,#906,#641,.T.);
#1086=EDGE_CURVE('',#911,#892,#642,.T.);
#1087=EDGE_CURVE('',#911,#912,#643,.T.);
#1088=EDGE_CURVE('',#912,#910,#644,.T.);
#1089=EDGE_CURVE('',#913,#913,#511,.T.);
#1090=EDGE_CURVE('',#914,#914,#512,.T.);
#1091=EDGE_CURVE('',#915,#915,#513,.T.);
#1092=EDGE_CURVE('',#916,#916,#514,.T.);
#1093=EDGE_CURVE('',#917,#917,#515,.T.);
#1094=EDGE_CURVE('',#918,#918,#516,.T.);
#1095=EDGE_CURVE('',#919,#919,#517,.T.);
#1096=EDGE_CURVE('',#920,#921,#645,.T.);
#1097=EDGE_CURVE('',#922,#920,#646,.T.);
#1098=EDGE_CURVE('',#923,#922,#647,.T.);
#1099=EDGE_CURVE('',#921,#923,#648,.T.);
#1100=EDGE_CURVE('',#924,#925,#518,.T.);
#1101=EDGE_CURVE('',#926,#924,#649,.T.);
#1102=EDGE_CURVE('',#927,#926,#650,.T.);
#1103=EDGE_CURVE('',#928,#927,#651,.T.);
#1104=EDGE_CURVE('',#929,#928,#519,.T.);
#1105=EDGE_CURVE('',#923,#929,#652,.T.);
#1106=EDGE_CURVE('',#925,#922,#653,.T.);
#1107=EDGE_CURVE('',#930,#920,#654,.T.);
#1108=EDGE_CURVE('',#930,#931,#655,.T.);
#1109=EDGE_CURVE('',#931,#932,#656,.T.);
#1110=EDGE_CURVE('',#932,#933,#657,.T.);
#1111=EDGE_CURVE('',#933,#934,#658,.T.);
#1112=EDGE_CURVE('',#934,#925,#659,.T.);
#1113=EDGE_CURVE('',#935,#921,#660,.T.);
#1114=EDGE_CURVE('',#935,#930,#661,.T.);
#1115=EDGE_CURVE('',#929,#936,#662,.T.);
#1116=EDGE_CURVE('',#936,#937,#663,.T.);
#1117=EDGE_CURVE('',#937,#938,#664,.T.);
#1118=EDGE_CURVE('',#938,#939,#665,.T.);
#1119=EDGE_CURVE('',#939,#935,#666,.T.);
#1120=EDGE_CURVE('',#937,#933,#667,.T.);
#1121=EDGE_CURVE('',#938,#932,#668,.T.);
#1122=EDGE_CURVE('',#940,#936,#520,.T.);
#1123=EDGE_CURVE('',#941,#940,#669,.T.);
#1124=EDGE_CURVE('',#942,#941,#670,.T.);
#1125=EDGE_CURVE('',#943,#942,#671,.T.);
#1126=EDGE_CURVE('',#934,#943,#521,.T.);
#1127=EDGE_CURVE('',#931,#939,#672,.T.);
#1128=EDGE_CURVE('',#924,#943,#673,.T.);
#1129=EDGE_CURVE('',#944,#944,#199,.T.);
#1130=EDGE_CURVE('',#944,#945,#674,.T.);
#1131=EDGE_CURVE('',#945,#945,#200,.T.);
#1132=EDGE_CURVE('',#946,#946,#201,.T.);
#1133=EDGE_CURVE('',#946,#947,#675,.T.);
#1134=EDGE_CURVE('',#947,#947,#202,.T.);
#1135=EDGE_CURVE('',#948,#948,#203,.T.);
#1136=EDGE_CURVE('',#948,#949,#676,.T.);
#1137=EDGE_CURVE('',#949,#949,#204,.T.);
#1138=EDGE_CURVE('',#950,#950,#205,.T.);
#1139=EDGE_CURVE('',#950,#951,#677,.T.);
#1140=EDGE_CURVE('',#951,#951,#206,.T.);
#1141=EDGE_CURVE('',#901,#898,#678,.T.);
#1142=EDGE_CURVE('',#902,#897,#679,.T.);
#1143=EDGE_CURVE('',#903,#896,#680,.T.);
#1144=EDGE_CURVE('',#904,#895,#681,.T.);
#1145=EDGE_CURVE('',#919,#952,#682,.T.);
#1146=EDGE_CURVE('',#952,#952,#522,.T.);
#1147=EDGE_CURVE('',#918,#953,#683,.T.);
#1148=EDGE_CURVE('',#953,#953,#523,.T.);
#1149=EDGE_CURVE('',#917,#954,#684,.T.);
#1150=EDGE_CURVE('',#954,#954,#524,.T.);
#1151=EDGE_CURVE('',#916,#955,#685,.T.);
#1152=EDGE_CURVE('',#955,#955,#525,.T.);
#1153=EDGE_CURVE('',#915,#956,#686,.T.);
#1154=EDGE_CURVE('',#956,#956,#526,.T.);
#1155=EDGE_CURVE('',#914,#957,#687,.T.);
#1156=EDGE_CURVE('',#957,#957,#527,.T.);
#1157=EDGE_CURVE('',#913,#958,#688,.T.);
#1158=EDGE_CURVE('',#958,#958,#528,.T.);
#1159=EDGE_CURVE('',#940,#928,#689,.T.);
#1160=EDGE_CURVE('',#942,#926,#690,.T.);
#1161=EDGE_CURVE('',#927,#941,#691,.T.);
#1162=EDGE_CURVE('',#939,#959,#529,.T.);
#1163=EDGE_CURVE('',#960,#959,#692,.T.);
#1164=EDGE_CURVE('',#960,#935,#530,.T.);
#1165=EDGE_CURVE('',#961,#931,#531,.T.);
#1166=EDGE_CURVE('',#959,#961,#693,.T.);
#1167=EDGE_CURVE('',#962,#960,#694,.T.);
#1168=EDGE_CURVE('',#962,#930,#532,.T.);
#1169=EDGE_CURVE('',#961,#962,#695,.T.);
#1170=EDGE_CURVE('',#963,#960,#696,.T.);
#1171=EDGE_CURVE('',#963,#964,#697,.T.);
#1172=EDGE_CURVE('',#962,#964,#698,.T.);
#1173=EDGE_CURVE('',#959,#965,#699,.T.);
#1174=EDGE_CURVE('',#965,#963,#700,.T.);
#1175=EDGE_CURVE('',#966,#966,#533,.T.);
#1176=EDGE_CURVE('',#967,#967,#534,.T.);
#1177=EDGE_CURVE('',#968,#968,#535,.T.);
#1178=EDGE_CURVE('',#969,#969,#536,.T.);
#1179=EDGE_CURVE('',#970,#970,#537,.T.);
#1180=EDGE_CURVE('',#971,#971,#538,.T.);
#1181=EDGE_CURVE('',#972,#972,#539,.T.);
#1182=EDGE_CURVE('',#973,#973,#540,.T.);
#1183=EDGE_CURVE('',#974,#974,#541,.T.);
#1184=EDGE_CURVE('',#975,#975,#542,.T.);
#1185=EDGE_CURVE('',#976,#976,#543,.T.);
#1186=EDGE_CURVE('',#977,#977,#544,.T.);
#1187=EDGE_CURVE('',#978,#978,#545,.T.);
#1188=EDGE_CURVE('',#979,#979,#546,.T.);
#1189=EDGE_CURVE('',#980,#980,#547,.T.);
#1190=EDGE_CURVE('',#981,#981,#548,.T.);
#1191=EDGE_CURVE('',#982,#982,#549,.T.);
#1192=EDGE_CURVE('',#983,#983,#550,.T.);
#1193=EDGE_CURVE('',#984,#984,#551,.T.);
#1194=EDGE_CURVE('',#985,#985,#552,.T.);
#1195=EDGE_CURVE('',#986,#986,#553,.T.);
#1196=EDGE_CURVE('',#987,#987,#554,.T.);
#1197=EDGE_CURVE('',#988,#988,#555,.T.);
#1198=EDGE_CURVE('',#989,#989,#556,.T.);
#1199=EDGE_CURVE('',#990,#990,#557,.T.);
#1200=EDGE_CURVE('',#991,#991,#558,.T.);
#1201=EDGE_CURVE('',#992,#992,#559,.T.);
#1202=EDGE_CURVE('',#993,#993,#560,.T.);
#1203=EDGE_CURVE('',#994,#994,#561,.T.);
#1204=EDGE_CURVE('',#995,#995,#562,.T.);
#1205=EDGE_CURVE('',#996,#996,#563,.T.);
#1206=EDGE_CURVE('',#997,#997,#564,.T.);
#1207=EDGE_CURVE('',#998,#998,#565,.T.);
#1208=EDGE_CURVE('',#999,#999,#566,.T.);
#1209=EDGE_CURVE('',#1000,#1000,#567,.T.);
#1210=EDGE_CURVE('',#1001,#1001,#568,.T.);
#1211=EDGE_CURVE('',#1002,#1002,#569,.T.);
#1212=EDGE_CURVE('',#1003,#1003,#570,.T.);
#1213=EDGE_CURVE('',#1004,#1004,#571,.T.);
#1214=EDGE_CURVE('',#1005,#1005,#572,.T.);
#1215=EDGE_CURVE('',#1006,#1006,#573,.T.);
#1216=EDGE_CURVE('',#884,#908,#701,.T.);
#1217=EDGE_CURVE('',#912,#1007,#702,.T.);
#1218=EDGE_CURVE('',#909,#1007,#703,.T.);
#1219=EDGE_CURVE('',#1007,#1008,#704,.T.);
#1220=EDGE_CURVE('',#1007,#963,#574,.T.);
#1221=EDGE_CURVE('',#965,#1008,#575,.T.);
#1222=EDGE_CURVE('',#1008,#891,#705,.T.);
#1223=EDGE_CURVE('',#1008,#911,#706,.T.);
#1224=EDGE_CURVE('',#964,#912,#576,.T.);
#1225=EDGE_CURVE('',#1009,#965,#707,.T.);
#1226=EDGE_CURVE('',#1009,#911,#577,.T.);
#1227=EDGE_CURVE('',#964,#1009,#708,.T.);
#1228=EDGE_CURVE('',#1009,#961,#709,.T.);
#1229=EDGE_CURVE('',#1010,#1010,#578,.T.);
#1230=EDGE_CURVE('',#1010,#966,#710,.T.);
#1231=EDGE_CURVE('',#1011,#1011,#579,.T.);
#1232=EDGE_CURVE('',#1011,#967,#711,.T.);
#1233=EDGE_CURVE('',#1012,#1012,#580,.T.);
#1234=EDGE_CURVE('',#1012,#968,#712,.T.);
#1235=EDGE_CURVE('',#1013,#1013,#581,.T.);
#1236=EDGE_CURVE('',#1013,#969,#713,.T.);
#1237=EDGE_CURVE('',#1014,#1014,#582,.T.);
#1238=EDGE_CURVE('',#1014,#970,#714,.T.);
#1239=EDGE_CURVE('',#1015,#1015,#583,.T.);
#1240=EDGE_CURVE('',#1015,#971,#715,.T.);
#1241=EDGE_CURVE('',#1016,#1016,#584,.T.);
#1242=EDGE_CURVE('',#1016,#972,#716,.T.);
#1243=EDGE_CURVE('',#1017,#1017,#585,.T.);
#1244=EDGE_CURVE('',#1017,#973,#717,.T.);
#1245=EDGE_CURVE('',#1018,#1018,#586,.T.);
#1246=EDGE_CURVE('',#1018,#974,#718,.T.);
#1247=EDGE_CURVE('',#1019,#1019,#587,.T.);
#1248=EDGE_CURVE('',#1019,#975,#719,.T.);
#1249=EDGE_CURVE('',#1020,#1020,#588,.T.);
#1250=EDGE_CURVE('',#1020,#976,#720,.T.);
#1251=EDGE_CURVE('',#1021,#1021,#589,.T.);
#1252=EDGE_CURVE('',#1021,#977,#721,.T.);
#1253=EDGE_CURVE('',#1022,#1022,#590,.T.);
#1254=EDGE_CURVE('',#1022,#978,#722,.T.);
#1255=EDGE_CURVE('',#1023,#1023,#591,.T.);
#1256=EDGE_CURVE('',#1023,#979,#723,.T.);
#1257=EDGE_CURVE('',#1024,#1024,#592,.T.);
#1258=EDGE_CURVE('',#1024,#980,#724,.T.);
#1259=EDGE_CURVE('',#1025,#1025,#593,.T.);
#1260=EDGE_CURVE('',#1025,#981,#725,.T.);
#1261=EDGE_CURVE('',#1026,#1026,#594,.T.);
#1262=EDGE_CURVE('',#1026,#982,#726,.T.);
#1263=EDGE_CURVE('',#1027,#1027,#595,.T.);
#1264=EDGE_CURVE('',#1027,#983,#727,.T.);
#1265=EDGE_CURVE('',#1028,#1028,#596,.T.);
#1266=EDGE_CURVE('',#1028,#984,#728,.T.);
#1267=EDGE_CURVE('',#1029,#1029,#597,.T.);
#1268=EDGE_CURVE('',#1029,#985,#729,.T.);
#1269=EDGE_CURVE('',#1030,#1030,#598,.T.);
#1270=EDGE_CURVE('',#1030,#986,#730,.T.);
#1271=EDGE_CURVE('',#1031,#1031,#599,.T.);
#1272=EDGE_CURVE('',#1031,#987,#731,.T.);
#1273=EDGE_CURVE('',#1032,#1032,#600,.T.);
#1274=EDGE_CURVE('',#1032,#988,#732,.T.);
#1275=EDGE_CURVE('',#1033,#1033,#601,.T.);
#1276=EDGE_CURVE('',#1033,#989,#733,.T.);
#1277=EDGE_CURVE('',#1034,#1034,#602,.T.);
#1278=EDGE_CURVE('',#1034,#990,#734,.T.);
#1279=EDGE_CURVE('',#1035,#1035,#603,.T.);
#1280=EDGE_CURVE('',#1035,#991,#735,.T.);
#1281=EDGE_CURVE('',#1036,#1036,#604,.T.);
#1282=EDGE_CURVE('',#1036,#992,#736,.T.);
#1283=EDGE_CURVE('',#1037,#1037,#605,.T.);
#1284=EDGE_CURVE('',#1037,#993,#737,.T.);
#1285=EDGE_CURVE('',#1038,#1038,#606,.T.);
#1286=EDGE_CURVE('',#1038,#994,#738,.T.);
#1287=EDGE_CURVE('',#1039,#1039,#607,.T.);
#1288=EDGE_CURVE('',#1039,#995,#739,.T.);
#1289=EDGE_CURVE('',#1040,#1040,#608,.T.);
#1290=EDGE_CURVE('',#1040,#996,#740,.T.);
#1291=EDGE_CURVE('',#1041,#1041,#609,.T.);
#1292=EDGE_CURVE('',#1041,#997,#741,.T.);
#1293=EDGE_CURVE('',#1042,#1042,#610,.T.);
#1294=EDGE_CURVE('',#1042,#998,#742,.T.);
#1295=EDGE_CURVE('',#1043,#1043,#611,.T.);
#1296=EDGE_CURVE('',#1043,#999,#743,.T.);
#1297=EDGE_CURVE('',#1044,#1044,#612,.T.);
#1298=EDGE_CURVE('',#1044,#1000,#744,.T.);
#1299=EDGE_CURVE('',#1045,#1045,#613,.T.);
#1300=EDGE_CURVE('',#1045,#1001,#745,.T.);
#1301=EDGE_CURVE('',#1046,#1046,#614,.T.);
#1302=EDGE_CURVE('',#1046,#1002,#746,.T.);
#1303=EDGE_CURVE('',#1047,#1047,#615,.T.);
#1304=EDGE_CURVE('',#1047,#1003,#747,.T.);
#1305=EDGE_CURVE('',#1048,#1048,#616,.T.);
#1306=EDGE_CURVE('',#1048,#1004,#748,.T.);
#1307=EDGE_CURVE('',#1049,#1049,#617,.T.);
#1308=EDGE_CURVE('',#1049,#1005,#749,.T.);
#1309=EDGE_CURVE('',#1050,#1050,#618,.T.);
#1310=EDGE_CURVE('',#1050,#1006,#750,.T.);
#1311=ORIENTED_EDGE('',*,*,#1051,.F.);
#1312=ORIENTED_EDGE('',*,*,#1052,.T.);
#1313=ORIENTED_EDGE('',*,*,#1053,.F.);
#1314=ORIENTED_EDGE('',*,*,#1054,.F.);
#1315=ORIENTED_EDGE('',*,*,#1055,.F.);
#1316=ORIENTED_EDGE('',*,*,#1056,.F.);
#1317=ORIENTED_EDGE('',*,*,#1057,.F.);
#1318=ORIENTED_EDGE('',*,*,#1058,.F.);
#1319=ORIENTED_EDGE('',*,*,#1059,.F.);
#1320=ORIENTED_EDGE('',*,*,#1060,.F.);
#1321=ORIENTED_EDGE('',*,*,#1061,.F.);
#1322=ORIENTED_EDGE('',*,*,#1052,.F.);
#1323=ORIENTED_EDGE('',*,*,#1057,.T.);
#1324=ORIENTED_EDGE('',*,*,#1062,.T.);
#1325=ORIENTED_EDGE('',*,*,#1063,.T.);
#1326=ORIENTED_EDGE('',*,*,#1064,.T.);
#1327=ORIENTED_EDGE('',*,*,#1065,.T.);
#1328=ORIENTED_EDGE('',*,*,#1066,.T.);
#1329=ORIENTED_EDGE('',*,*,#1067,.T.);
#1330=ORIENTED_EDGE('',*,*,#1068,.T.);
#1331=ORIENTED_EDGE('',*,*,#1056,.T.);
#1332=ORIENTED_EDGE('',*,*,#1069,.F.);
#1333=ORIENTED_EDGE('',*,*,#1070,.T.);
#1334=ORIENTED_EDGE('',*,*,#1062,.F.);
#1335=ORIENTED_EDGE('',*,*,#1055,.T.);
#1336=ORIENTED_EDGE('',*,*,#1071,.T.);
#1337=ORIENTED_EDGE('',*,*,#1072,.T.);
#1338=ORIENTED_EDGE('',*,*,#1069,.T.);
#1339=ORIENTED_EDGE('',*,*,#1073,.T.);
#1340=ORIENTED_EDGE('',*,*,#1074,.T.);
#1341=ORIENTED_EDGE('',*,*,#1075,.T.);
#1342=ORIENTED_EDGE('',*,*,#1076,.T.);
#1343=ORIENTED_EDGE('',*,*,#1054,.T.);
#1344=ORIENTED_EDGE('',*,*,#1077,.F.);
#1345=ORIENTED_EDGE('',*,*,#1078,.T.);
#1346=ORIENTED_EDGE('',*,*,#1071,.F.);
#1347=ORIENTED_EDGE('',*,*,#1078,.F.);
#1348=ORIENTED_EDGE('',*,*,#1079,.F.);
#1349=ORIENTED_EDGE('',*,*,#1080,.F.);
#1350=ORIENTED_EDGE('',*,*,#1081,.F.);
#1351=ORIENTED_EDGE('',*,*,#1082,.F.);
#1352=ORIENTED_EDGE('',*,*,#1063,.F.);
#1353=ORIENTED_EDGE('',*,*,#1070,.F.);
#1354=ORIENTED_EDGE('',*,*,#1072,.F.);
#1355=ORIENTED_EDGE('',*,*,#1083,.F.);
#1356=ORIENTED_EDGE('',*,*,#1084,.F.);
#1357=ORIENTED_EDGE('',*,*,#1080,.T.);
#1358=ORIENTED_EDGE('',*,*,#1085,.F.);
#1359=ORIENTED_EDGE('',*,*,#1061,.T.);
#1360=ORIENTED_EDGE('',*,*,#1086,.F.);
#1361=ORIENTED_EDGE('',*,*,#1087,.T.);
#1362=ORIENTED_EDGE('',*,*,#1088,.T.);
#1363=ORIENTED_EDGE('',*,*,#1085,.T.);
#1364=ORIENTED_EDGE('',*,*,#1079,.T.);
#1365=ORIENTED_EDGE('',*,*,#1077,.T.);
#1366=ORIENTED_EDGE('',*,*,#1053,.T.);
#1367=ORIENTED_EDGE('',*,*,#1089,.T.);
#1368=ORIENTED_EDGE('',*,*,#1090,.T.);
#1369=ORIENTED_EDGE('',*,*,#1091,.T.);
#1370=ORIENTED_EDGE('',*,*,#1092,.T.);
#1371=ORIENTED_EDGE('',*,*,#1093,.T.);
#1372=ORIENTED_EDGE('',*,*,#1094,.T.);
#1373=ORIENTED_EDGE('',*,*,#1095,.T.);
#1374=ORIENTED_EDGE('',*,*,#1096,.F.);
#1375=ORIENTED_EDGE('',*,*,#1097,.F.);
#1376=ORIENTED_EDGE('',*,*,#1098,.F.);
#1377=ORIENTED_EDGE('',*,*,#1099,.F.);
#1378=ORIENTED_EDGE('',*,*,#1100,.F.);
#1379=ORIENTED_EDGE('',*,*,#1101,.F.);
#1380=ORIENTED_EDGE('',*,*,#1102,.F.);
#1381=ORIENTED_EDGE('',*,*,#1103,.F.);
#1382=ORIENTED_EDGE('',*,*,#1104,.F.);
#1383=ORIENTED_EDGE('',*,*,#1105,.F.);
#1384=ORIENTED_EDGE('',*,*,#1098,.T.);
#1385=ORIENTED_EDGE('',*,*,#1106,.F.);
#1386=ORIENTED_EDGE('',*,*,#1106,.T.);
#1387=ORIENTED_EDGE('',*,*,#1097,.T.);
#1388=ORIENTED_EDGE('',*,*,#1107,.F.);
#1389=ORIENTED_EDGE('',*,*,#1108,.T.);
#1390=ORIENTED_EDGE('',*,*,#1109,.T.);
#1391=ORIENTED_EDGE('',*,*,#1110,.T.);
#1392=ORIENTED_EDGE('',*,*,#1111,.T.);
#1393=ORIENTED_EDGE('',*,*,#1112,.T.);
#1394=ORIENTED_EDGE('',*,*,#1096,.T.);
#1395=ORIENTED_EDGE('',*,*,#1113,.F.);
#1396=ORIENTED_EDGE('',*,*,#1114,.T.);
#1397=ORIENTED_EDGE('',*,*,#1107,.T.);
#1398=ORIENTED_EDGE('',*,*,#1099,.T.);
#1399=ORIENTED_EDGE('',*,*,#1105,.T.);
#1400=ORIENTED_EDGE('',*,*,#1115,.T.);
#1401=ORIENTED_EDGE('',*,*,#1116,.T.);
#1402=ORIENTED_EDGE('',*,*,#1117,.T.);
#1403=ORIENTED_EDGE('',*,*,#1118,.T.);
#1404=ORIENTED_EDGE('',*,*,#1119,.T.);
#1405=ORIENTED_EDGE('',*,*,#1113,.T.);
#1406=ORIENTED_EDGE('',*,*,#1117,.F.);
#1407=ORIENTED_EDGE('',*,*,#1120,.T.);
#1408=ORIENTED_EDGE('',*,*,#1110,.F.);
#1409=ORIENTED_EDGE('',*,*,#1121,.F.);
#1410=ORIENTED_EDGE('',*,*,#1116,.F.);
#1411=ORIENTED_EDGE('',*,*,#1122,.F.);
#1412=ORIENTED_EDGE('',*,*,#1123,.F.);
#1413=ORIENTED_EDGE('',*,*,#1124,.F.);
#1414=ORIENTED_EDGE('',*,*,#1125,.F.);
#1415=ORIENTED_EDGE('',*,*,#1126,.F.);
#1416=ORIENTED_EDGE('',*,*,#1111,.F.);
#1417=ORIENTED_EDGE('',*,*,#1120,.F.);
#1418=ORIENTED_EDGE('',*,*,#1121,.T.);
#1419=ORIENTED_EDGE('',*,*,#1109,.F.);
#1420=ORIENTED_EDGE('',*,*,#1127,.T.);
#1421=ORIENTED_EDGE('',*,*,#1118,.F.);
#1422=ORIENTED_EDGE('',*,*,#1100,.T.);
#1423=ORIENTED_EDGE('',*,*,#1112,.F.);
#1424=ORIENTED_EDGE('',*,*,#1126,.T.);
#1425=ORIENTED_EDGE('',*,*,#1128,.F.);
#1426=ORIENTED_EDGE('',*,*,#1129,.F.);
#1427=ORIENTED_EDGE('',*,*,#1130,.T.);
#1428=ORIENTED_EDGE('',*,*,#1131,.F.);
#1429=ORIENTED_EDGE('',*,*,#1130,.F.);
#1430=ORIENTED_EDGE('',*,*,#1132,.F.);
#1431=ORIENTED_EDGE('',*,*,#1133,.T.);
#1432=ORIENTED_EDGE('',*,*,#1134,.F.);
#1433=ORIENTED_EDGE('',*,*,#1133,.F.);
#1434=ORIENTED_EDGE('',*,*,#1135,.F.);
#1435=ORIENTED_EDGE('',*,*,#1136,.T.);
#1436=ORIENTED_EDGE('',*,*,#1137,.F.);
#1437=ORIENTED_EDGE('',*,*,#1136,.F.);
#1438=ORIENTED_EDGE('',*,*,#1138,.F.);
#1439=ORIENTED_EDGE('',*,*,#1139,.T.);
#1440=ORIENTED_EDGE('',*,*,#1140,.F.);
#1441=ORIENTED_EDGE('',*,*,#1139,.F.);
#1442=ORIENTED_EDGE('',*,*,#1073,.F.);
#1443=ORIENTED_EDGE('',*,*,#1141,.T.);
#1444=ORIENTED_EDGE('',*,*,#1068,.F.);
#1445=ORIENTED_EDGE('',*,*,#1141,.F.);
#1446=ORIENTED_EDGE('',*,*,#1074,.F.);
#1447=ORIENTED_EDGE('',*,*,#1142,.T.);
#1448=ORIENTED_EDGE('',*,*,#1067,.F.);
#1449=ORIENTED_EDGE('',*,*,#1142,.F.);
#1450=ORIENTED_EDGE('',*,*,#1075,.F.);
#1451=ORIENTED_EDGE('',*,*,#1143,.T.);
#1452=ORIENTED_EDGE('',*,*,#1066,.F.);
#1453=ORIENTED_EDGE('',*,*,#1143,.F.);
#1454=ORIENTED_EDGE('',*,*,#1076,.F.);
#1455=ORIENTED_EDGE('',*,*,#1144,.T.);
#1456=ORIENTED_EDGE('',*,*,#1065,.F.);
#1457=ORIENTED_EDGE('',*,*,#1144,.F.);
#1458=ORIENTED_EDGE('',*,*,#1095,.F.);
#1459=ORIENTED_EDGE('',*,*,#1145,.T.);
#1460=ORIENTED_EDGE('',*,*,#1146,.F.);
#1461=ORIENTED_EDGE('',*,*,#1145,.F.);
#1462=ORIENTED_EDGE('',*,*,#1094,.F.);
#1463=ORIENTED_EDGE('',*,*,#1147,.T.);
#1464=ORIENTED_EDGE('',*,*,#1148,.F.);
#1465=ORIENTED_EDGE('',*,*,#1147,.F.);
#1466=ORIENTED_EDGE('',*,*,#1093,.F.);
#1467=ORIENTED_EDGE('',*,*,#1149,.T.);
#1468=ORIENTED_EDGE('',*,*,#1150,.F.);
#1469=ORIENTED_EDGE('',*,*,#1149,.F.);
#1470=ORIENTED_EDGE('',*,*,#1092,.F.);
#1471=ORIENTED_EDGE('',*,*,#1151,.T.);
#1472=ORIENTED_EDGE('',*,*,#1152,.F.);
#1473=ORIENTED_EDGE('',*,*,#1151,.F.);
#1474=ORIENTED_EDGE('',*,*,#1091,.F.);
#1475=ORIENTED_EDGE('',*,*,#1153,.T.);
#1476=ORIENTED_EDGE('',*,*,#1154,.F.);
#1477=ORIENTED_EDGE('',*,*,#1153,.F.);
#1478=ORIENTED_EDGE('',*,*,#1090,.F.);
#1479=ORIENTED_EDGE('',*,*,#1155,.T.);
#1480=ORIENTED_EDGE('',*,*,#1156,.F.);
#1481=ORIENTED_EDGE('',*,*,#1155,.F.);
#1482=ORIENTED_EDGE('',*,*,#1089,.F.);
#1483=ORIENTED_EDGE('',*,*,#1157,.T.);
#1484=ORIENTED_EDGE('',*,*,#1158,.F.);
#1485=ORIENTED_EDGE('',*,*,#1157,.F.);
#1486=ORIENTED_EDGE('',*,*,#1104,.T.);
#1487=ORIENTED_EDGE('',*,*,#1159,.F.);
#1488=ORIENTED_EDGE('',*,*,#1122,.T.);
#1489=ORIENTED_EDGE('',*,*,#1115,.F.);
#1490=ORIENTED_EDGE('',*,*,#1101,.T.);
#1491=ORIENTED_EDGE('',*,*,#1128,.T.);
#1492=ORIENTED_EDGE('',*,*,#1125,.T.);
#1493=ORIENTED_EDGE('',*,*,#1160,.T.);
#1494=ORIENTED_EDGE('',*,*,#1129,.T.);
#1495=ORIENTED_EDGE('',*,*,#1132,.T.);
#1496=ORIENTED_EDGE('',*,*,#1135,.T.);
#1497=ORIENTED_EDGE('',*,*,#1138,.T.);
#1498=ORIENTED_EDGE('',*,*,#1102,.T.);
#1499=ORIENTED_EDGE('',*,*,#1160,.F.);
#1500=ORIENTED_EDGE('',*,*,#1124,.T.);
#1501=ORIENTED_EDGE('',*,*,#1161,.F.);
#1502=ORIENTED_EDGE('',*,*,#1103,.T.);
#1503=ORIENTED_EDGE('',*,*,#1161,.T.);
#1504=ORIENTED_EDGE('',*,*,#1123,.T.);
#1505=ORIENTED_EDGE('',*,*,#1159,.T.);
#1506=ORIENTED_EDGE('',*,*,#1131,.T.);
#1507=ORIENTED_EDGE('',*,*,#1134,.T.);
#1508=ORIENTED_EDGE('',*,*,#1137,.T.);
#1509=ORIENTED_EDGE('',*,*,#1140,.T.);
#1510=ORIENTED_EDGE('',*,*,#1119,.F.);
#1511=ORIENTED_EDGE('',*,*,#1162,.T.);
#1512=ORIENTED_EDGE('',*,*,#1163,.F.);
#1513=ORIENTED_EDGE('',*,*,#1164,.T.);
#1514=ORIENTED_EDGE('',*,*,#1127,.F.);
#1515=ORIENTED_EDGE('',*,*,#1165,.F.);
#1516=ORIENTED_EDGE('',*,*,#1166,.F.);
#1517=ORIENTED_EDGE('',*,*,#1162,.F.);
#1518=ORIENTED_EDGE('',*,*,#1114,.F.);
#1519=ORIENTED_EDGE('',*,*,#1164,.F.);
#1520=ORIENTED_EDGE('',*,*,#1167,.F.);
#1521=ORIENTED_EDGE('',*,*,#1168,.T.);
#1522=ORIENTED_EDGE('',*,*,#1108,.F.);
#1523=ORIENTED_EDGE('',*,*,#1168,.F.);
#1524=ORIENTED_EDGE('',*,*,#1169,.F.);
#1525=ORIENTED_EDGE('',*,*,#1165,.T.);
#1526=ORIENTED_EDGE('',*,*,#1167,.T.);
#1527=ORIENTED_EDGE('',*,*,#1170,.F.);
#1528=ORIENTED_EDGE('',*,*,#1171,.T.);
#1529=ORIENTED_EDGE('',*,*,#1172,.F.);
#1530=ORIENTED_EDGE('',*,*,#1163,.T.);
#1531=ORIENTED_EDGE('',*,*,#1173,.T.);
#1532=ORIENTED_EDGE('',*,*,#1174,.T.);
#1533=ORIENTED_EDGE('',*,*,#1170,.T.);
#1534=ORIENTED_EDGE('',*,*,#1175,.T.);
#1535=ORIENTED_EDGE('',*,*,#1176,.T.);
#1536=ORIENTED_EDGE('',*,*,#1177,.T.);
#1537=ORIENTED_EDGE('',*,*,#1178,.T.);
#1538=ORIENTED_EDGE('',*,*,#1179,.T.);
#1539=ORIENTED_EDGE('',*,*,#1180,.T.);
#1540=ORIENTED_EDGE('',*,*,#1181,.T.);
#1541=ORIENTED_EDGE('',*,*,#1182,.T.);
#1542=ORIENTED_EDGE('',*,*,#1183,.T.);
#1543=ORIENTED_EDGE('',*,*,#1184,.T.);
#1544=ORIENTED_EDGE('',*,*,#1185,.T.);
#1545=ORIENTED_EDGE('',*,*,#1186,.T.);
#1546=ORIENTED_EDGE('',*,*,#1187,.T.);
#1547=ORIENTED_EDGE('',*,*,#1188,.T.);
#1548=ORIENTED_EDGE('',*,*,#1189,.T.);
#1549=ORIENTED_EDGE('',*,*,#1190,.T.);
#1550=ORIENTED_EDGE('',*,*,#1191,.T.);
#1551=ORIENTED_EDGE('',*,*,#1192,.T.);
#1552=ORIENTED_EDGE('',*,*,#1193,.T.);
#1553=ORIENTED_EDGE('',*,*,#1194,.T.);
#1554=ORIENTED_EDGE('',*,*,#1195,.T.);
#1555=ORIENTED_EDGE('',*,*,#1196,.T.);
#1556=ORIENTED_EDGE('',*,*,#1197,.T.);
#1557=ORIENTED_EDGE('',*,*,#1198,.T.);
#1558=ORIENTED_EDGE('',*,*,#1199,.T.);
#1559=ORIENTED_EDGE('',*,*,#1200,.T.);
#1560=ORIENTED_EDGE('',*,*,#1201,.T.);
#1561=ORIENTED_EDGE('',*,*,#1202,.T.);
#1562=ORIENTED_EDGE('',*,*,#1203,.T.);
#1563=ORIENTED_EDGE('',*,*,#1204,.T.);
#1564=ORIENTED_EDGE('',*,*,#1205,.T.);
#1565=ORIENTED_EDGE('',*,*,#1206,.T.);
#1566=ORIENTED_EDGE('',*,*,#1207,.T.);
#1567=ORIENTED_EDGE('',*,*,#1208,.T.);
#1568=ORIENTED_EDGE('',*,*,#1209,.T.);
#1569=ORIENTED_EDGE('',*,*,#1210,.T.);
#1570=ORIENTED_EDGE('',*,*,#1211,.T.);
#1571=ORIENTED_EDGE('',*,*,#1212,.T.);
#1572=ORIENTED_EDGE('',*,*,#1213,.T.);
#1573=ORIENTED_EDGE('',*,*,#1214,.T.);
#1574=ORIENTED_EDGE('',*,*,#1215,.T.);
#1575=ORIENTED_EDGE('',*,*,#1058,.T.);
#1576=ORIENTED_EDGE('',*,*,#1064,.F.);
#1577=ORIENTED_EDGE('',*,*,#1082,.T.);
#1578=ORIENTED_EDGE('',*,*,#1216,.F.);
#1579=ORIENTED_EDGE('',*,*,#1083,.T.);
#1580=ORIENTED_EDGE('',*,*,#1088,.F.);
#1581=ORIENTED_EDGE('',*,*,#1217,.T.);
#1582=ORIENTED_EDGE('',*,*,#1218,.F.);
#1583=ORIENTED_EDGE('',*,*,#1219,.F.);
#1584=ORIENTED_EDGE('',*,*,#1220,.T.);
#1585=ORIENTED_EDGE('',*,*,#1174,.F.);
#1586=ORIENTED_EDGE('',*,*,#1221,.T.);
#1587=ORIENTED_EDGE('',*,*,#1060,.T.);
#1588=ORIENTED_EDGE('',*,*,#1222,.F.);
#1589=ORIENTED_EDGE('',*,*,#1223,.T.);
#1590=ORIENTED_EDGE('',*,*,#1086,.T.);
#1591=ORIENTED_EDGE('',*,*,#1217,.F.);
#1592=ORIENTED_EDGE('',*,*,#1224,.F.);
#1593=ORIENTED_EDGE('',*,*,#1171,.F.);
#1594=ORIENTED_EDGE('',*,*,#1220,.F.);
#1595=ORIENTED_EDGE('',*,*,#1223,.F.);
#1596=ORIENTED_EDGE('',*,*,#1221,.F.);
#1597=ORIENTED_EDGE('',*,*,#1225,.F.);
#1598=ORIENTED_EDGE('',*,*,#1226,.T.);
#1599=ORIENTED_EDGE('',*,*,#1087,.F.);
#1600=ORIENTED_EDGE('',*,*,#1226,.F.);
#1601=ORIENTED_EDGE('',*,*,#1227,.F.);
#1602=ORIENTED_EDGE('',*,*,#1224,.T.);
#1603=ORIENTED_EDGE('',*,*,#1051,.T.);
#1604=ORIENTED_EDGE('',*,*,#1216,.T.);
#1605=ORIENTED_EDGE('',*,*,#1081,.T.);
#1606=ORIENTED_EDGE('',*,*,#1084,.T.);
#1607=ORIENTED_EDGE('',*,*,#1218,.T.);
#1608=ORIENTED_EDGE('',*,*,#1219,.T.);
#1609=ORIENTED_EDGE('',*,*,#1222,.T.);
#1610=ORIENTED_EDGE('',*,*,#1059,.T.);
#1611=ORIENTED_EDGE('',*,*,#1146,.T.);
#1612=ORIENTED_EDGE('',*,*,#1148,.T.);
#1613=ORIENTED_EDGE('',*,*,#1150,.T.);
#1614=ORIENTED_EDGE('',*,*,#1152,.T.);
#1615=ORIENTED_EDGE('',*,*,#1154,.T.);
#1616=ORIENTED_EDGE('',*,*,#1156,.T.);
#1617=ORIENTED_EDGE('',*,*,#1158,.T.);
#1618=ORIENTED_EDGE('',*,*,#1166,.T.);
#1619=ORIENTED_EDGE('',*,*,#1228,.F.);
#1620=ORIENTED_EDGE('',*,*,#1225,.T.);
#1621=ORIENTED_EDGE('',*,*,#1173,.F.);
#1622=ORIENTED_EDGE('',*,*,#1229,.F.);
#1623=ORIENTED_EDGE('',*,*,#1230,.T.);
#1624=ORIENTED_EDGE('',*,*,#1175,.F.);
#1625=ORIENTED_EDGE('',*,*,#1230,.F.);
#1626=ORIENTED_EDGE('',*,*,#1231,.F.);
#1627=ORIENTED_EDGE('',*,*,#1232,.T.);
#1628=ORIENTED_EDGE('',*,*,#1176,.F.);
#1629=ORIENTED_EDGE('',*,*,#1232,.F.);
#1630=ORIENTED_EDGE('',*,*,#1233,.F.);
#1631=ORIENTED_EDGE('',*,*,#1234,.T.);
#1632=ORIENTED_EDGE('',*,*,#1177,.F.);
#1633=ORIENTED_EDGE('',*,*,#1234,.F.);
#1634=ORIENTED_EDGE('',*,*,#1235,.F.);
#1635=ORIENTED_EDGE('',*,*,#1236,.T.);
#1636=ORIENTED_EDGE('',*,*,#1178,.F.);
#1637=ORIENTED_EDGE('',*,*,#1236,.F.);
#1638=ORIENTED_EDGE('',*,*,#1237,.F.);
#1639=ORIENTED_EDGE('',*,*,#1238,.T.);
#1640=ORIENTED_EDGE('',*,*,#1179,.F.);
#1641=ORIENTED_EDGE('',*,*,#1238,.F.);
#1642=ORIENTED_EDGE('',*,*,#1239,.F.);
#1643=ORIENTED_EDGE('',*,*,#1240,.T.);
#1644=ORIENTED_EDGE('',*,*,#1180,.F.);
#1645=ORIENTED_EDGE('',*,*,#1240,.F.);
#1646=ORIENTED_EDGE('',*,*,#1241,.F.);
#1647=ORIENTED_EDGE('',*,*,#1242,.T.);
#1648=ORIENTED_EDGE('',*,*,#1181,.F.);
#1649=ORIENTED_EDGE('',*,*,#1242,.F.);
#1650=ORIENTED_EDGE('',*,*,#1243,.F.);
#1651=ORIENTED_EDGE('',*,*,#1244,.T.);
#1652=ORIENTED_EDGE('',*,*,#1182,.F.);
#1653=ORIENTED_EDGE('',*,*,#1244,.F.);
#1654=ORIENTED_EDGE('',*,*,#1245,.F.);
#1655=ORIENTED_EDGE('',*,*,#1246,.T.);
#1656=ORIENTED_EDGE('',*,*,#1183,.F.);
#1657=ORIENTED_EDGE('',*,*,#1246,.F.);
#1658=ORIENTED_EDGE('',*,*,#1247,.F.);
#1659=ORIENTED_EDGE('',*,*,#1248,.T.);
#1660=ORIENTED_EDGE('',*,*,#1184,.F.);
#1661=ORIENTED_EDGE('',*,*,#1248,.F.);
#1662=ORIENTED_EDGE('',*,*,#1249,.F.);
#1663=ORIENTED_EDGE('',*,*,#1250,.T.);
#1664=ORIENTED_EDGE('',*,*,#1185,.F.);
#1665=ORIENTED_EDGE('',*,*,#1250,.F.);
#1666=ORIENTED_EDGE('',*,*,#1251,.F.);
#1667=ORIENTED_EDGE('',*,*,#1252,.T.);
#1668=ORIENTED_EDGE('',*,*,#1186,.F.);
#1669=ORIENTED_EDGE('',*,*,#1252,.F.);
#1670=ORIENTED_EDGE('',*,*,#1253,.F.);
#1671=ORIENTED_EDGE('',*,*,#1254,.T.);
#1672=ORIENTED_EDGE('',*,*,#1187,.F.);
#1673=ORIENTED_EDGE('',*,*,#1254,.F.);
#1674=ORIENTED_EDGE('',*,*,#1255,.F.);
#1675=ORIENTED_EDGE('',*,*,#1256,.T.);
#1676=ORIENTED_EDGE('',*,*,#1188,.F.);
#1677=ORIENTED_EDGE('',*,*,#1256,.F.);
#1678=ORIENTED_EDGE('',*,*,#1257,.F.);
#1679=ORIENTED_EDGE('',*,*,#1258,.T.);
#1680=ORIENTED_EDGE('',*,*,#1189,.F.);
#1681=ORIENTED_EDGE('',*,*,#1258,.F.);
#1682=ORIENTED_EDGE('',*,*,#1259,.F.);
#1683=ORIENTED_EDGE('',*,*,#1260,.T.);
#1684=ORIENTED_EDGE('',*,*,#1190,.F.);
#1685=ORIENTED_EDGE('',*,*,#1260,.F.);
#1686=ORIENTED_EDGE('',*,*,#1261,.F.);
#1687=ORIENTED_EDGE('',*,*,#1262,.T.);
#1688=ORIENTED_EDGE('',*,*,#1191,.F.);
#1689=ORIENTED_EDGE('',*,*,#1262,.F.);
#1690=ORIENTED_EDGE('',*,*,#1263,.F.);
#1691=ORIENTED_EDGE('',*,*,#1264,.T.);
#1692=ORIENTED_EDGE('',*,*,#1192,.F.);
#1693=ORIENTED_EDGE('',*,*,#1264,.F.);
#1694=ORIENTED_EDGE('',*,*,#1265,.F.);
#1695=ORIENTED_EDGE('',*,*,#1266,.T.);
#1696=ORIENTED_EDGE('',*,*,#1193,.F.);
#1697=ORIENTED_EDGE('',*,*,#1266,.F.);
#1698=ORIENTED_EDGE('',*,*,#1267,.F.);
#1699=ORIENTED_EDGE('',*,*,#1268,.T.);
#1700=ORIENTED_EDGE('',*,*,#1194,.F.);
#1701=ORIENTED_EDGE('',*,*,#1268,.F.);
#1702=ORIENTED_EDGE('',*,*,#1269,.F.);
#1703=ORIENTED_EDGE('',*,*,#1270,.T.);
#1704=ORIENTED_EDGE('',*,*,#1195,.F.);
#1705=ORIENTED_EDGE('',*,*,#1270,.F.);
#1706=ORIENTED_EDGE('',*,*,#1271,.F.);
#1707=ORIENTED_EDGE('',*,*,#1272,.T.);
#1708=ORIENTED_EDGE('',*,*,#1196,.F.);
#1709=ORIENTED_EDGE('',*,*,#1272,.F.);
#1710=ORIENTED_EDGE('',*,*,#1273,.F.);
#1711=ORIENTED_EDGE('',*,*,#1274,.T.);
#1712=ORIENTED_EDGE('',*,*,#1197,.F.);
#1713=ORIENTED_EDGE('',*,*,#1274,.F.);
#1714=ORIENTED_EDGE('',*,*,#1275,.F.);
#1715=ORIENTED_EDGE('',*,*,#1276,.T.);
#1716=ORIENTED_EDGE('',*,*,#1198,.F.);
#1717=ORIENTED_EDGE('',*,*,#1276,.F.);
#1718=ORIENTED_EDGE('',*,*,#1277,.F.);
#1719=ORIENTED_EDGE('',*,*,#1278,.T.);
#1720=ORIENTED_EDGE('',*,*,#1199,.F.);
#1721=ORIENTED_EDGE('',*,*,#1278,.F.);
#1722=ORIENTED_EDGE('',*,*,#1279,.F.);
#1723=ORIENTED_EDGE('',*,*,#1280,.T.);
#1724=ORIENTED_EDGE('',*,*,#1200,.F.);
#1725=ORIENTED_EDGE('',*,*,#1280,.F.);
#1726=ORIENTED_EDGE('',*,*,#1281,.F.);
#1727=ORIENTED_EDGE('',*,*,#1282,.T.);
#1728=ORIENTED_EDGE('',*,*,#1201,.F.);
#1729=ORIENTED_EDGE('',*,*,#1282,.F.);
#1730=ORIENTED_EDGE('',*,*,#1283,.F.);
#1731=ORIENTED_EDGE('',*,*,#1284,.T.);
#1732=ORIENTED_EDGE('',*,*,#1202,.F.);
#1733=ORIENTED_EDGE('',*,*,#1284,.F.);
#1734=ORIENTED_EDGE('',*,*,#1285,.F.);
#1735=ORIENTED_EDGE('',*,*,#1286,.T.);
#1736=ORIENTED_EDGE('',*,*,#1203,.F.);
#1737=ORIENTED_EDGE('',*,*,#1286,.F.);
#1738=ORIENTED_EDGE('',*,*,#1287,.F.);
#1739=ORIENTED_EDGE('',*,*,#1288,.T.);
#1740=ORIENTED_EDGE('',*,*,#1204,.F.);
#1741=ORIENTED_EDGE('',*,*,#1288,.F.);
#1742=ORIENTED_EDGE('',*,*,#1289,.F.);
#1743=ORIENTED_EDGE('',*,*,#1290,.T.);
#1744=ORIENTED_EDGE('',*,*,#1205,.F.);
#1745=ORIENTED_EDGE('',*,*,#1290,.F.);
#1746=ORIENTED_EDGE('',*,*,#1291,.F.);
#1747=ORIENTED_EDGE('',*,*,#1292,.T.);
#1748=ORIENTED_EDGE('',*,*,#1206,.F.);
#1749=ORIENTED_EDGE('',*,*,#1292,.F.);
#1750=ORIENTED_EDGE('',*,*,#1293,.F.);
#1751=ORIENTED_EDGE('',*,*,#1294,.T.);
#1752=ORIENTED_EDGE('',*,*,#1207,.F.);
#1753=ORIENTED_EDGE('',*,*,#1294,.F.);
#1754=ORIENTED_EDGE('',*,*,#1295,.F.);
#1755=ORIENTED_EDGE('',*,*,#1296,.T.);
#1756=ORIENTED_EDGE('',*,*,#1208,.F.);
#1757=ORIENTED_EDGE('',*,*,#1296,.F.);
#1758=ORIENTED_EDGE('',*,*,#1297,.F.);
#1759=ORIENTED_EDGE('',*,*,#1298,.T.);
#1760=ORIENTED_EDGE('',*,*,#1209,.F.);
#1761=ORIENTED_EDGE('',*,*,#1298,.F.);
#1762=ORIENTED_EDGE('',*,*,#1299,.F.);
#1763=ORIENTED_EDGE('',*,*,#1300,.T.);
#1764=ORIENTED_EDGE('',*,*,#1210,.F.);
#1765=ORIENTED_EDGE('',*,*,#1300,.F.);
#1766=ORIENTED_EDGE('',*,*,#1301,.F.);
#1767=ORIENTED_EDGE('',*,*,#1302,.T.);
#1768=ORIENTED_EDGE('',*,*,#1211,.F.);
#1769=ORIENTED_EDGE('',*,*,#1302,.F.);
#1770=ORIENTED_EDGE('',*,*,#1303,.F.);
#1771=ORIENTED_EDGE('',*,*,#1304,.T.);
#1772=ORIENTED_EDGE('',*,*,#1212,.F.);
#1773=ORIENTED_EDGE('',*,*,#1304,.F.);
#1774=ORIENTED_EDGE('',*,*,#1305,.F.);
#1775=ORIENTED_EDGE('',*,*,#1306,.T.);
#1776=ORIENTED_EDGE('',*,*,#1213,.F.);
#1777=ORIENTED_EDGE('',*,*,#1306,.F.);
#1778=ORIENTED_EDGE('',*,*,#1307,.F.);
#1779=ORIENTED_EDGE('',*,*,#1308,.T.);
#1780=ORIENTED_EDGE('',*,*,#1214,.F.);
#1781=ORIENTED_EDGE('',*,*,#1308,.F.);
#1782=ORIENTED_EDGE('',*,*,#1309,.F.);
#1783=ORIENTED_EDGE('',*,*,#1310,.T.);
#1784=ORIENTED_EDGE('',*,*,#1215,.F.);
#1785=ORIENTED_EDGE('',*,*,#1310,.F.);
#1786=ORIENTED_EDGE('',*,*,#1169,.T.);
#1787=ORIENTED_EDGE('',*,*,#1172,.T.);
#1788=ORIENTED_EDGE('',*,*,#1227,.T.);
#1789=ORIENTED_EDGE('',*,*,#1228,.T.);
#1790=ORIENTED_EDGE('',*,*,#1309,.T.);
#1791=ORIENTED_EDGE('',*,*,#1307,.T.);
#1792=ORIENTED_EDGE('',*,*,#1305,.T.);
#1793=ORIENTED_EDGE('',*,*,#1303,.T.);
#1794=ORIENTED_EDGE('',*,*,#1301,.T.);
#1795=ORIENTED_EDGE('',*,*,#1299,.T.);
#1796=ORIENTED_EDGE('',*,*,#1297,.T.);
#1797=ORIENTED_EDGE('',*,*,#1295,.T.);
#1798=ORIENTED_EDGE('',*,*,#1293,.T.);
#1799=ORIENTED_EDGE('',*,*,#1291,.T.);
#1800=ORIENTED_EDGE('',*,*,#1289,.T.);
#1801=ORIENTED_EDGE('',*,*,#1287,.T.);
#1802=ORIENTED_EDGE('',*,*,#1285,.T.);
#1803=ORIENTED_EDGE('',*,*,#1283,.T.);
#1804=ORIENTED_EDGE('',*,*,#1281,.T.);
#1805=ORIENTED_EDGE('',*,*,#1279,.T.);
#1806=ORIENTED_EDGE('',*,*,#1277,.T.);
#1807=ORIENTED_EDGE('',*,*,#1275,.T.);
#1808=ORIENTED_EDGE('',*,*,#1273,.T.);
#1809=ORIENTED_EDGE('',*,*,#1271,.T.);
#1810=ORIENTED_EDGE('',*,*,#1269,.T.);
#1811=ORIENTED_EDGE('',*,*,#1267,.T.);
#1812=ORIENTED_EDGE('',*,*,#1265,.T.);
#1813=ORIENTED_EDGE('',*,*,#1263,.T.);
#1814=ORIENTED_EDGE('',*,*,#1261,.T.);
#1815=ORIENTED_EDGE('',*,*,#1259,.T.);
#1816=ORIENTED_EDGE('',*,*,#1257,.T.);
#1817=ORIENTED_EDGE('',*,*,#1255,.T.);
#1818=ORIENTED_EDGE('',*,*,#1253,.T.);
#1819=ORIENTED_EDGE('',*,*,#1251,.T.);
#1820=ORIENTED_EDGE('',*,*,#1249,.T.);
#1821=ORIENTED_EDGE('',*,*,#1247,.T.);
#1822=ORIENTED_EDGE('',*,*,#1245,.T.);
#1823=ORIENTED_EDGE('',*,*,#1243,.T.);
#1824=ORIENTED_EDGE('',*,*,#1241,.T.);
#1825=ORIENTED_EDGE('',*,*,#1239,.T.);
#1826=ORIENTED_EDGE('',*,*,#1237,.T.);
#1827=ORIENTED_EDGE('',*,*,#1235,.T.);
#1828=ORIENTED_EDGE('',*,*,#1233,.T.);
#1829=ORIENTED_EDGE('',*,*,#1231,.T.);
#1830=ORIENTED_EDGE('',*,*,#1229,.T.);
#1831=PLANE('',#1969);
#1832=PLANE('',#1972);
#1833=PLANE('',#1973);
#1834=PLANE('',#1978);
#1835=PLANE('',#1979);
#1836=PLANE('',#1986);
#1837=PLANE('',#1988);
#1838=PLANE('',#1989);
#1839=PLANE('',#1997);
#1840=PLANE('',#1998);
#1841=PLANE('',#2001);
#1842=PLANE('',#2002);
#1843=PLANE('',#2003);
#1844=PLANE('',#2004);
#1845=PLANE('',#2005);
#1846=PLANE('',#2008);
#1847=PLANE('',#2041);
#1848=PLANE('',#2042);
#1849=PLANE('',#2043);
#1850=PLANE('',#2047);
#1851=PLANE('',#2049);
#1852=PLANE('',#2052);
#1853=PLANE('',#2053);
#1854=PLANE('',#2096);
#1855=PLANE('',#2100);
#1856=PLANE('',#2101);
#1857=PLANE('',#2103);
#1858=PLANE('',#2106);
#1859=PLANE('',#2107);
#1860=PLANE('',#2190);
#1861=ADVANCED_FACE('',(#207),#1831,.T.);
#1862=ADVANCED_FACE('',(#208),#1832,.T.);
#1863=ADVANCED_FACE('',(#209,#79,#80,#81,#82),#1833,.T.);
#1864=ADVANCED_FACE('',(#210),#1834,.T.);
#1865=ADVANCED_FACE('',(#211,#83,#84,#85,#86),#1835,.T.);
#1866=ADVANCED_FACE('',(#212),#15,.T.);
#1867=ADVANCED_FACE('',(#213),#1836,.T.);
#1868=ADVANCED_FACE('',(#214),#1837,.T.);
#1869=ADVANCED_FACE('',(#215,#87,#88,#89,#90,#91,#92,#93),#1838,.F.);
#1870=ADVANCED_FACE('',(#216),#1839,.T.);
#1871=ADVANCED_FACE('',(#217),#1840,.T.);
#1872=ADVANCED_FACE('',(#218),#1841,.T.);
#1873=ADVANCED_FACE('',(#219),#1842,.T.);
#1874=ADVANCED_FACE('',(#220),#1843,.T.);
#1875=ADVANCED_FACE('',(#221),#1844,.T.);
#1876=ADVANCED_FACE('',(#222),#1845,.T.);
#1877=ADVANCED_FACE('',(#223),#1846,.T.);
#1878=ADVANCED_FACE('',(#224),#16,.T.);
#1879=ADVANCED_FACE('',(#225),#17,.F.);
#1880=ADVANCED_FACE('',(#226),#18,.F.);
#1881=ADVANCED_FACE('',(#227),#19,.F.);
#1882=ADVANCED_FACE('',(#228),#20,.F.);
#1883=ADVANCED_FACE('',(#229),#21,.F.);
#1884=ADVANCED_FACE('',(#230),#22,.F.);
#1885=ADVANCED_FACE('',(#231),#23,.F.);
#1886=ADVANCED_FACE('',(#232),#24,.F.);
#1887=ADVANCED_FACE('',(#233),#25,.F.);
#1888=ADVANCED_FACE('',(#234),#26,.F.);
#1889=ADVANCED_FACE('',(#235),#27,.F.);
#1890=ADVANCED_FACE('',(#236),#28,.F.);
#1891=ADVANCED_FACE('',(#237),#29,.F.);
#1892=ADVANCED_FACE('',(#238),#30,.F.);
#1893=ADVANCED_FACE('',(#239),#31,.F.);
#1894=ADVANCED_FACE('',(#240),#32,.F.);
#1895=ADVANCED_FACE('',(#241,#94,#95,#96,#97),#1847,.F.);
#1896=ADVANCED_FACE('',(#242),#1848,.T.);
#1897=ADVANCED_FACE('',(#243,#98,#99,#100,#101),#1849,.T.);
#1898=ADVANCED_FACE('',(#244),#33,.F.);
#1899=ADVANCED_FACE('',(#245),#1850,.T.);
#1900=ADVANCED_FACE('',(#246),#1851,.T.);
#1901=ADVANCED_FACE('',(#247),#34,.T.);
#1902=ADVANCED_FACE('',(#248),#1852,.T.);
#1903=ADVANCED_FACE('',(#249,#102,#103,#104,#105,#106,#107,#108,#109,#110,
#111,#112,#113,#114,#115,#116,#117,#118,#119,#120,#121,#122,#123,#124,#125,
#126,#127,#128,#129,#130,#131,#132,#133,#134,#135,#136,#137,#138,#139,#140,
#141,#142),#1853,.F.);
#1904=ADVANCED_FACE('',(#250),#35,.F.);
#1905=ADVANCED_FACE('',(#251),#1854,.T.);
#1906=ADVANCED_FACE('',(#252),#36,.F.);
#1907=ADVANCED_FACE('',(#253),#1855,.T.);
#1908=ADVANCED_FACE('',(#254),#1856,.T.);
#1909=ADVANCED_FACE('',(#255),#1857,.T.);
#1910=ADVANCED_FACE('',(#256),#37,.T.);
#1911=ADVANCED_FACE('',(#257,#143,#144,#145,#146,#147,#148,#149),#1858,
 .T.);
#1912=ADVANCED_FACE('',(#258),#1859,.T.);
#1913=ADVANCED_FACE('',(#259),#38,.F.);
#1914=ADVANCED_FACE('',(#260),#39,.F.);
#1915=ADVANCED_FACE('',(#261),#40,.F.);
#1916=ADVANCED_FACE('',(#262),#41,.F.);
#1917=ADVANCED_FACE('',(#263),#42,.F.);
#1918=ADVANCED_FACE('',(#264),#43,.F.);
#1919=ADVANCED_FACE('',(#265),#44,.F.);
#1920=ADVANCED_FACE('',(#266),#45,.F.);
#1921=ADVANCED_FACE('',(#267),#46,.F.);
#1922=ADVANCED_FACE('',(#268),#47,.F.);
#1923=ADVANCED_FACE('',(#269),#48,.F.);
#1924=ADVANCED_FACE('',(#270),#49,.F.);
#1925=ADVANCED_FACE('',(#271),#50,.F.);
#1926=ADVANCED_FACE('',(#272),#51,.F.);
#1927=ADVANCED_FACE('',(#273),#52,.F.);
#1928=ADVANCED_FACE('',(#274),#53,.F.);
#1929=ADVANCED_FACE('',(#275),#54,.F.);
#1930=ADVANCED_FACE('',(#276),#55,.F.);
#1931=ADVANCED_FACE('',(#277),#56,.F.);
#1932=ADVANCED_FACE('',(#278),#57,.F.);
#1933=ADVANCED_FACE('',(#279),#58,.F.);
#1934=ADVANCED_FACE('',(#280),#59,.F.);
#1935=ADVANCED_FACE('',(#281),#60,.F.);
#1936=ADVANCED_FACE('',(#282),#61,.F.);
#1937=ADVANCED_FACE('',(#283),#62,.F.);
#1938=ADVANCED_FACE('',(#284),#63,.F.);
#1939=ADVANCED_FACE('',(#285),#64,.F.);
#1940=ADVANCED_FACE('',(#286),#65,.F.);
#1941=ADVANCED_FACE('',(#287),#66,.F.);
#1942=ADVANCED_FACE('',(#288),#67,.F.);
#1943=ADVANCED_FACE('',(#289),#68,.F.);
#1944=ADVANCED_FACE('',(#290),#69,.F.);
#1945=ADVANCED_FACE('',(#291),#70,.F.);
#1946=ADVANCED_FACE('',(#292),#71,.F.);
#1947=ADVANCED_FACE('',(#293),#72,.F.);
#1948=ADVANCED_FACE('',(#294),#73,.F.);
#1949=ADVANCED_FACE('',(#295),#74,.F.);
#1950=ADVANCED_FACE('',(#296),#75,.F.);
#1951=ADVANCED_FACE('',(#297),#76,.F.);
#1952=ADVANCED_FACE('',(#298),#77,.F.);
#1953=ADVANCED_FACE('',(#299),#78,.F.);
#1954=ADVANCED_FACE('',(#300,#150,#151,#152,#153,#154,#155,#156,#157,#158,
#159,#160,#161,#162,#163,#164,#165,#166,#167,#168,#169,#170,#171,#172,#173,
#174,#175,#176,#177,#178,#179,#180,#181,#182,#183,#184,#185,#186,#187,#188,
#189,#190),#1860,.T.);
#1955=CLOSED_SHELL('',(#1861,#1862,#1863,#1864,#1865,#1866,#1867,#1868,
#1869,#1870,#1871,#1872,#1873,#1874,#1875,#1876,#1877,#1878,#1879,#1880,
#1881,#1882,#1883,#1884,#1885,#1886,#1887,#1888,#1889,#1890,#1891,#1892,
#1893,#1894,#1895,#1896,#1897,#1898,#1899,#1900,#1901,#1902,#1903,#1904,
#1905,#1906,#1907,#1908,#1909,#1910,#1911,#1912,#1913,#1914,#1915,#1916,
#1917,#1918,#1919,#1920,#1921,#1922,#1923,#1924,#1925,#1926,#1927,#1928,
#1929,#1930,#1931,#1932,#1933,#1934,#1935,#1936,#1937,#1938,#1939,#1940,
#1941,#1942,#1943,#1944,#1945,#1946,#1947,#1948,#1949,#1950,#1951,#1952,
#1953,#1954));
#1956=DERIVED_UNIT_ELEMENT(#1958,1.);
#1957=DERIVED_UNIT_ELEMENT(#3299,-3.);
#1958=(
MASS_UNIT()
NAMED_UNIT(*)
SI_UNIT(.KILO.,.GRAM.)
);
#1959=DERIVED_UNIT((#1956,#1957));
#1960=MEASURE_REPRESENTATION_ITEM('density measure',
POSITIVE_RATIO_MEASURE(7850.),#1959);
#1961=PROPERTY_DEFINITION_REPRESENTATION(#1966,#1963);
#1962=PROPERTY_DEFINITION_REPRESENTATION(#1967,#1964);
#1963=REPRESENTATION('material name',(#1965),#3294);
#1964=REPRESENTATION('density',(#1960),#3294);
#1965=DESCRIPTIVE_REPRESENTATION_ITEM('Steel','Steel');
#1966=PROPERTY_DEFINITION('material property','material name',#3307);
#1967=PROPERTY_DEFINITION('material property','density of part',#3307);
#1968=AXIS2_PLACEMENT_3D('',#2769,#2191,#2192);
#1969=AXIS2_PLACEMENT_3D('',#2770,#2193,#2194);
#1970=AXIS2_PLACEMENT_3D('',#2779,#2198,#2199);
#1971=AXIS2_PLACEMENT_3D('',#2786,#2203,#2204);
#1972=AXIS2_PLACEMENT_3D('',#2787,#2205,#2206);
#1973=AXIS2_PLACEMENT_3D('',#2793,#2210,#2211);
#1974=AXIS2_PLACEMENT_3D('',#2800,#2215,#2216);
#1975=AXIS2_PLACEMENT_3D('',#2802,#2217,#2218);
#1976=AXIS2_PLACEMENT_3D('',#2804,#2219,#2220);
#1977=AXIS2_PLACEMENT_3D('',#2806,#2221,#2222);
#1978=AXIS2_PLACEMENT_3D('',#2807,#2223,#2224);
#1979=AXIS2_PLACEMENT_3D('',#2811,#2227,#2228);
#1980=AXIS2_PLACEMENT_3D('',#2816,#2231,#2232);
#1981=AXIS2_PLACEMENT_3D('',#2818,#2233,#2234);
#1982=AXIS2_PLACEMENT_3D('',#2820,#2235,#2236);
#1983=AXIS2_PLACEMENT_3D('',#2822,#2237,#2238);
#1984=AXIS2_PLACEMENT_3D('',#2823,#2239,#2240);
#1985=AXIS2_PLACEMENT_3D('',#2826,#2242,#2243);
#1986=AXIS2_PLACEMENT_3D('',#2827,#2244,#2245);
#1987=AXIS2_PLACEMENT_3D('',#2834,#2249,#2250);
#1988=AXIS2_PLACEMENT_3D('',#2835,#2251,#2252);
#1989=AXIS2_PLACEMENT_3D('',#2841,#2256,#2257);
#1990=AXIS2_PLACEMENT_3D('',#2848,#2261,#2262);
#1991=AXIS2_PLACEMENT_3D('',#2850,#2263,#2264);
#1992=AXIS2_PLACEMENT_3D('',#2852,#2265,#2266);
#1993=AXIS2_PLACEMENT_3D('',#2854,#2267,#2268);
#1994=AXIS2_PLACEMENT_3D('',#2856,#2269,#2270);
#1995=AXIS2_PLACEMENT_3D('',#2858,#2271,#2272);
#1996=AXIS2_PLACEMENT_3D('',#2860,#2273,#2274);
#1997=AXIS2_PLACEMENT_3D('',#2861,#2275,#2276);
#1998=AXIS2_PLACEMENT_3D('',#2870,#2281,#2282);
#1999=AXIS2_PLACEMENT_3D('',#2873,#2283,#2284);
#2000=AXIS2_PLACEMENT_3D('',#2881,#2288,#2289);
#2001=AXIS2_PLACEMENT_3D('',#2884,#2292,#2293);
#2002=AXIS2_PLACEMENT_3D('',#2896,#2300,#2301);
#2003=AXIS2_PLACEMENT_3D('',#2900,#2304,#2305);
#2004=AXIS2_PLACEMENT_3D('',#2910,#2311,#2312);
#2005=AXIS2_PLACEMENT_3D('',#2913,#2315,#2316);
#2006=AXIS2_PLACEMENT_3D('',#2915,#2317,#2318);
#2007=AXIS2_PLACEMENT_3D('',#2922,#2322,#2323);
#2008=AXIS2_PLACEMENT_3D('',#2923,#2324,#2325);
#2009=AXIS2_PLACEMENT_3D('',#2925,#2327,#2328);
#2010=AXIS2_PLACEMENT_3D('',#2927,#2330,#2331);
#2011=AXIS2_PLACEMENT_3D('',#2929,#2332,#2333);
#2012=AXIS2_PLACEMENT_3D('',#2932,#2335,#2336);
#2013=AXIS2_PLACEMENT_3D('',#2933,#2337,#2338);
#2014=AXIS2_PLACEMENT_3D('',#2935,#2339,#2340);
#2015=AXIS2_PLACEMENT_3D('',#2938,#2342,#2343);
#2016=AXIS2_PLACEMENT_3D('',#2939,#2344,#2345);
#2017=AXIS2_PLACEMENT_3D('',#2941,#2346,#2347);
#2018=AXIS2_PLACEMENT_3D('',#2944,#2349,#2350);
#2019=AXIS2_PLACEMENT_3D('',#2945,#2351,#2352);
#2020=AXIS2_PLACEMENT_3D('',#2947,#2353,#2354);
#2021=AXIS2_PLACEMENT_3D('',#2950,#2356,#2357);
#2022=AXIS2_PLACEMENT_3D('',#2951,#2358,#2359);
#2023=AXIS2_PLACEMENT_3D('',#2953,#2361,#2362);
#2024=AXIS2_PLACEMENT_3D('',#2955,#2364,#2365);
#2025=AXIS2_PLACEMENT_3D('',#2957,#2367,#2368);
#2026=AXIS2_PLACEMENT_3D('',#2959,#2370,#2371);
#2027=AXIS2_PLACEMENT_3D('',#2962,#2373,#2374);
#2028=AXIS2_PLACEMENT_3D('',#2963,#2375,#2376);
#2029=AXIS2_PLACEMENT_3D('',#2966,#2378,#2379);
#2030=AXIS2_PLACEMENT_3D('',#2967,#2380,#2381);
#2031=AXIS2_PLACEMENT_3D('',#2970,#2383,#2384);
#2032=AXIS2_PLACEMENT_3D('',#2971,#2385,#2386);
#2033=AXIS2_PLACEMENT_3D('',#2974,#2388,#2389);
#2034=AXIS2_PLACEMENT_3D('',#2975,#2390,#2391);
#2035=AXIS2_PLACEMENT_3D('',#2978,#2393,#2394);
#2036=AXIS2_PLACEMENT_3D('',#2979,#2395,#2396);
#2037=AXIS2_PLACEMENT_3D('',#2982,#2398,#2399);
#2038=AXIS2_PLACEMENT_3D('',#2983,#2400,#2401);
#2039=AXIS2_PLACEMENT_3D('',#2986,#2403,#2404);
#2040=AXIS2_PLACEMENT_3D('',#2987,#2405,#2406);
#2041=AXIS2_PLACEMENT_3D('',#2989,#2408,#2409);
#2042=AXIS2_PLACEMENT_3D('',#2991,#2411,#2412);
#2043=AXIS2_PLACEMENT_3D('',#2993,#2414,#2415);
#2044=AXIS2_PLACEMENT_3D('',#2994,#2416,#2417);
#2045=AXIS2_PLACEMENT_3D('',#2996,#2418,#2419);
#2046=AXIS2_PLACEMENT_3D('',#2999,#2421,#2422);
#2047=AXIS2_PLACEMENT_3D('',#3000,#2423,#2424);
#2048=AXIS2_PLACEMENT_3D('',#3002,#2425,#2426);
#2049=AXIS2_PLACEMENT_3D('',#3004,#2428,#2429);
#2050=AXIS2_PLACEMENT_3D('',#3007,#2431,#2432);
#2051=AXIS2_PLACEMENT_3D('',#3008,#2433,#2434);
#2052=AXIS2_PLACEMENT_3D('',#3010,#2436,#2437);
#2053=AXIS2_PLACEMENT_3D('',#3016,#2441,#2442);
#2054=AXIS2_PLACEMENT_3D('',#3021,#2445,#2446);
#2055=AXIS2_PLACEMENT_3D('',#3023,#2447,#2448);
#2056=AXIS2_PLACEMENT_3D('',#3025,#2449,#2450);
#2057=AXIS2_PLACEMENT_3D('',#3027,#2451,#2452);
#2058=AXIS2_PLACEMENT_3D('',#3029,#2453,#2454);
#2059=AXIS2_PLACEMENT_3D('',#3031,#2455,#2456);
#2060=AXIS2_PLACEMENT_3D('',#3033,#2457,#2458);
#2061=AXIS2_PLACEMENT_3D('',#3035,#2459,#2460);
#2062=AXIS2_PLACEMENT_3D('',#3037,#2461,#2462);
#2063=AXIS2_PLACEMENT_3D('',#3039,#2463,#2464);
#2064=AXIS2_PLACEMENT_3D('',#3041,#2465,#2466);
#2065=AXIS2_PLACEMENT_3D('',#3043,#2467,#2468);
#2066=AXIS2_PLACEMENT_3D('',#3045,#2469,#2470);
#2067=AXIS2_PLACEMENT_3D('',#3047,#2471,#2472);
#2068=AXIS2_PLACEMENT_3D('',#3049,#2473,#2474);
#2069=AXIS2_PLACEMENT_3D('',#3051,#2475,#2476);
#2070=AXIS2_PLACEMENT_3D('',#3053,#2477,#2478);
#2071=AXIS2_PLACEMENT_3D('',#3055,#2479,#2480);
#2072=AXIS2_PLACEMENT_3D('',#3057,#2481,#2482);
#2073=AXIS2_PLACEMENT_3D('',#3059,#2483,#2484);
#2074=AXIS2_PLACEMENT_3D('',#3061,#2485,#2486);
#2075=AXIS2_PLACEMENT_3D('',#3063,#2487,#2488);
#2076=AXIS2_PLACEMENT_3D('',#3065,#2489,#2490);
#2077=AXIS2_PLACEMENT_3D('',#3067,#2491,#2492);
#2078=AXIS2_PLACEMENT_3D('',#3069,#2493,#2494);
#2079=AXIS2_PLACEMENT_3D('',#3071,#2495,#2496);
#2080=AXIS2_PLACEMENT_3D('',#3073,#2497,#2498);
#2081=AXIS2_PLACEMENT_3D('',#3075,#2499,#2500);
#2082=AXIS2_PLACEMENT_3D('',#3077,#2501,#2502);
#2083=AXIS2_PLACEMENT_3D('',#3079,#2503,#2504);
#2084=AXIS2_PLACEMENT_3D('',#3081,#2505,#2506);
#2085=AXIS2_PLACEMENT_3D('',#3083,#2507,#2508);
#2086=AXIS2_PLACEMENT_3D('',#3085,#2509,#2510);
#2087=AXIS2_PLACEMENT_3D('',#3087,#2511,#2512);
#2088=AXIS2_PLACEMENT_3D('',#3089,#2513,#2514);
#2089=AXIS2_PLACEMENT_3D('',#3091,#2515,#2516);
#2090=AXIS2_PLACEMENT_3D('',#3093,#2517,#2518);
#2091=AXIS2_PLACEMENT_3D('',#3095,#2519,#2520);
#2092=AXIS2_PLACEMENT_3D('',#3097,#2521,#2522);
#2093=AXIS2_PLACEMENT_3D('',#3099,#2523,#2524);
#2094=AXIS2_PLACEMENT_3D('',#3101,#2525,#2526);
#2095=AXIS2_PLACEMENT_3D('',#3102,#2527,#2528);
#2096=AXIS2_PLACEMENT_3D('',#3104,#2530,#2531);
#2097=AXIS2_PLACEMENT_3D('',#3108,#2534,#2535);
#2098=AXIS2_PLACEMENT_3D('',#3111,#2537,#2538);
#2099=AXIS2_PLACEMENT_3D('',#3112,#2539,#2540);
#2100=AXIS2_PLACEMENT_3D('',#3113,#2541,#2542);
#2101=AXIS2_PLACEMENT_3D('',#3116,#2545,#2546);
#2102=AXIS2_PLACEMENT_3D('',#3117,#2547,#2548);
#2103=AXIS2_PLACEMENT_3D('',#3118,#2549,#2550);
#2104=AXIS2_PLACEMENT_3D('',#3121,#2552,#2553);
#2105=AXIS2_PLACEMENT_3D('',#3122,#2554,#2555);
#2106=AXIS2_PLACEMENT_3D('',#3124,#2557,#2558);
#2107=AXIS2_PLACEMENT_3D('',#3125,#2559,#2560);
#2108=AXIS2_PLACEMENT_3D('',#3127,#2562,#2563);
#2109=AXIS2_PLACEMENT_3D('',#3129,#2564,#2565);
#2110=AXIS2_PLACEMENT_3D('',#3131,#2567,#2568);
#2111=AXIS2_PLACEMENT_3D('',#3133,#2569,#2570);
#2112=AXIS2_PLACEMENT_3D('',#3135,#2572,#2573);
#2113=AXIS2_PLACEMENT_3D('',#3137,#2574,#2575);
#2114=AXIS2_PLACEMENT_3D('',#3139,#2577,#2578);
#2115=AXIS2_PLACEMENT_3D('',#3141,#2579,#2580);
#2116=AXIS2_PLACEMENT_3D('',#3143,#2582,#2583);
#2117=AXIS2_PLACEMENT_3D('',#3145,#2584,#2585);
#2118=AXIS2_PLACEMENT_3D('',#3147,#2587,#2588);
#2119=AXIS2_PLACEMENT_3D('',#3149,#2589,#2590);
#2120=AXIS2_PLACEMENT_3D('',#3151,#2592,#2593);
#2121=AXIS2_PLACEMENT_3D('',#3153,#2594,#2595);
#2122=AXIS2_PLACEMENT_3D('',#3155,#2597,#2598);
#2123=AXIS2_PLACEMENT_3D('',#3157,#2599,#2600);
#2124=AXIS2_PLACEMENT_3D('',#3159,#2602,#2603);
#2125=AXIS2_PLACEMENT_3D('',#3161,#2604,#2605);
#2126=AXIS2_PLACEMENT_3D('',#3163,#2607,#2608);
#2127=AXIS2_PLACEMENT_3D('',#3165,#2609,#2610);
#2128=AXIS2_PLACEMENT_3D('',#3167,#2612,#2613);
#2129=AXIS2_PLACEMENT_3D('',#3169,#2614,#2615);
#2130=AXIS2_PLACEMENT_3D('',#3171,#2617,#2618);
#2131=AXIS2_PLACEMENT_3D('',#3173,#2619,#2620);
#2132=AXIS2_PLACEMENT_3D('',#3175,#2622,#2623);
#2133=AXIS2_PLACEMENT_3D('',#3177,#2624,#2625);
#2134=AXIS2_PLACEMENT_3D('',#3179,#2627,#2628);
#2135=AXIS2_PLACEMENT_3D('',#3181,#2629,#2630);
#2136=AXIS2_PLACEMENT_3D('',#3183,#2632,#2633);
#2137=AXIS2_PLACEMENT_3D('',#3185,#2634,#2635);
#2138=AXIS2_PLACEMENT_3D('',#3187,#2637,#2638);
#2139=AXIS2_PLACEMENT_3D('',#3189,#2639,#2640);
#2140=AXIS2_PLACEMENT_3D('',#3191,#2642,#2643);
#2141=AXIS2_PLACEMENT_3D('',#3193,#2644,#2645);
#2142=AXIS2_PLACEMENT_3D('',#3195,#2647,#2648);
#2143=AXIS2_PLACEMENT_3D('',#3197,#2649,#2650);
#2144=AXIS2_PLACEMENT_3D('',#3199,#2652,#2653);
#2145=AXIS2_PLACEMENT_3D('',#3201,#2654,#2655);
#2146=AXIS2_PLACEMENT_3D('',#3203,#2657,#2658);
#2147=AXIS2_PLACEMENT_3D('',#3205,#2659,#2660);
#2148=AXIS2_PLACEMENT_3D('',#3207,#2662,#2663);
#2149=AXIS2_PLACEMENT_3D('',#3209,#2664,#2665);
#2150=AXIS2_PLACEMENT_3D('',#3211,#2667,#2668);
#2151=AXIS2_PLACEMENT_3D('',#3213,#2669,#2670);
#2152=AXIS2_PLACEMENT_3D('',#3215,#2672,#2673);
#2153=AXIS2_PLACEMENT_3D('',#3217,#2674,#2675);
#2154=AXIS2_PLACEMENT_3D('',#3219,#2677,#2678);
#2155=AXIS2_PLACEMENT_3D('',#3221,#2679,#2680);
#2156=AXIS2_PLACEMENT_3D('',#3223,#2682,#2683);
#2157=AXIS2_PLACEMENT_3D('',#3225,#2684,#2685);
#2158=AXIS2_PLACEMENT_3D('',#3227,#2687,#2688);
#2159=AXIS2_PLACEMENT_3D('',#3229,#2689,#2690);
#2160=AXIS2_PLACEMENT_3D('',#3231,#2692,#2693);
#2161=AXIS2_PLACEMENT_3D('',#3233,#2694,#2695);
#2162=AXIS2_PLACEMENT_3D('',#3235,#2697,#2698);
#2163=AXIS2_PLACEMENT_3D('',#3237,#2699,#2700);
#2164=AXIS2_PLACEMENT_3D('',#3239,#2702,#2703);
#2165=AXIS2_PLACEMENT_3D('',#3241,#2704,#2705);
#2166=AXIS2_PLACEMENT_3D('',#3243,#2707,#2708);
#2167=AXIS2_PLACEMENT_3D('',#3245,#2709,#2710);
#2168=AXIS2_PLACEMENT_3D('',#3247,#2712,#2713);
#2169=AXIS2_PLACEMENT_3D('',#3249,#2714,#2715);
#2170=AXIS2_PLACEMENT_3D('',#3251,#2717,#2718);
#2171=AXIS2_PLACEMENT_3D('',#3253,#2719,#2720);
#2172=AXIS2_PLACEMENT_3D('',#3255,#2722,#2723);
#2173=AXIS2_PLACEMENT_3D('',#3257,#2724,#2725);
#2174=AXIS2_PLACEMENT_3D('',#3259,#2727,#2728);
#2175=AXIS2_PLACEMENT_3D('',#3261,#2729,#2730);
#2176=AXIS2_PLACEMENT_3D('',#3263,#2732,#2733);
#2177=AXIS2_PLACEMENT_3D('',#3265,#2734,#2735);
#2178=AXIS2_PLACEMENT_3D('',#3267,#2737,#2738);
#2179=AXIS2_PLACEMENT_3D('',#3269,#2739,#2740);
#2180=AXIS2_PLACEMENT_3D('',#3271,#2742,#2743);
#2181=AXIS2_PLACEMENT_3D('',#3273,#2744,#2745);
#2182=AXIS2_PLACEMENT_3D('',#3275,#2747,#2748);
#2183=AXIS2_PLACEMENT_3D('',#3277,#2749,#2750);
#2184=AXIS2_PLACEMENT_3D('',#3279,#2752,#2753);
#2185=AXIS2_PLACEMENT_3D('',#3281,#2754,#2755);
#2186=AXIS2_PLACEMENT_3D('',#3283,#2757,#2758);
#2187=AXIS2_PLACEMENT_3D('',#3285,#2759,#2760);
#2188=AXIS2_PLACEMENT_3D('',#3287,#2762,#2763);
#2189=AXIS2_PLACEMENT_3D('',#3289,#2764,#2765);
#2190=AXIS2_PLACEMENT_3D('',#3291,#2767,#2768);
#2191=DIRECTION('axis',(0.,0.,1.));
#2192=DIRECTION('refdir',(1.,0.,0.));
#2193=DIRECTION('center_axis',(-1.,0.,0.));
#2194=DIRECTION('ref_axis',(0.,1.,0.));
#2195=DIRECTION('',(0.,-2.30314065722459E-14,-1.));
#2196=DIRECTION('',(0.,1.,0.));
#2197=DIRECTION('',(0.,2.30620227422246E-14,1.));
#2198=DIRECTION('center_axis',(1.,0.,0.));
#2199=DIRECTION('ref_axis',(0.,1.,-2.30314065722459E-14));
#2200=DIRECTION('',(0.,0.99254615164132,-0.121869343405167));
#2201=DIRECTION('',(0.,-0.121869343405167,-0.99254615164132));
#2202=DIRECTION('',(0.,-0.99254615164132,0.121869343405167));
#2203=DIRECTION('center_axis',(-1.,0.,0.));
#2204=DIRECTION('ref_axis',(0.,1.,-2.30314065722459E-14));
#2205=DIRECTION('center_axis',(0.,0.,-1.));
#2206=DIRECTION('ref_axis',(0.,1.,0.));
#2207=DIRECTION('',(1.,0.,0.));
#2208=DIRECTION('',(0.,-1.,0.));
#2209=DIRECTION('',(-1.,0.,0.));
#2210=DIRECTION('center_axis',(0.,0.121869343405167,0.99254615164132));
#2211=DIRECTION('ref_axis',(0.,-0.99254615164132,0.121869343405167));
#2212=DIRECTION('',(1.,0.,0.));
#2213=DIRECTION('',(0.,0.99254615164132,-0.121869343405167));
#2214=DIRECTION('',(-1.,0.,0.));
#2215=DIRECTION('center_axis',(0.,-0.121869343405167,-0.99254615164132));
#2216=DIRECTION('ref_axis',(0.,-0.99254615164132,0.121869343405167));
#2217=DIRECTION('center_axis',(0.,-0.121869343405167,-0.99254615164132));
#2218=DIRECTION('ref_axis',(0.,-0.99254615164132,0.121869343405167));
#2219=DIRECTION('center_axis',(0.,-0.121869343405167,-0.99254615164132));
#2220=DIRECTION('ref_axis',(0.,-0.99254615164132,0.121869343405167));
#2221=DIRECTION('center_axis',(0.,-0.121869343405167,-0.99254615164132));
#2222=DIRECTION('ref_axis',(0.,-0.99254615164132,0.121869343405167));
#2223=DIRECTION('center_axis',(0.,-0.99254615164132,0.121869343405167));
#2224=DIRECTION('ref_axis',(-1.,0.,0.));
#2225=DIRECTION('',(-1.,0.,0.));
#2226=DIRECTION('',(0.,0.121869343405167,0.99254615164132));
#2227=DIRECTION('center_axis',(0.,-0.121869343405167,-0.99254615164132));
#2228=DIRECTION('ref_axis',(0.,0.99254615164132,-0.121869343405167));
#2229=DIRECTION('',(1.,0.,0.));
#2230=DIRECTION('',(0.,-0.99254615164132,0.121869343405167));
#2231=DIRECTION('center_axis',(0.,0.121869343405167,0.99254615164132));
#2232=DIRECTION('ref_axis',(0.,-0.99254615164132,0.121869343405167));
#2233=DIRECTION('center_axis',(0.,0.121869343405167,0.99254615164132));
#2234=DIRECTION('ref_axis',(0.,-0.99254615164132,0.121869343405167));
#2235=DIRECTION('center_axis',(0.,0.121869343405167,0.99254615164132));
#2236=DIRECTION('ref_axis',(0.,-0.99254615164132,0.121869343405167));
#2237=DIRECTION('center_axis',(0.,0.121869343405167,0.99254615164132));
#2238=DIRECTION('ref_axis',(0.,-0.99254615164132,0.121869343405167));
#2239=DIRECTION('center_axis',(-1.,0.,0.));
#2240=DIRECTION('ref_axis',(0.,1.,-2.30314065722459E-14));
#2241=DIRECTION('',(-1.,0.,0.));
#2242=DIRECTION('center_axis',(-1.,0.,0.));
#2243=DIRECTION('ref_axis',(0.,1.,-2.30314065722459E-14));
#2244=DIRECTION('center_axis',(1.,0.,0.));
#2245=DIRECTION('ref_axis',(0.,1.,0.));
#2246=DIRECTION('',(0.,-2.30620227422246E-14,-1.));
#2247=DIRECTION('',(0.,1.,0.));
#2248=DIRECTION('',(0.,2.30314065722459E-14,1.));
#2249=DIRECTION('center_axis',(1.,0.,0.));
#2250=DIRECTION('ref_axis',(0.,1.,-2.30314065722459E-14));
#2251=DIRECTION('center_axis',(0.,0.,-1.));
#2252=DIRECTION('ref_axis',(0.,-1.,0.));
#2253=DIRECTION('',(0.,1.,0.));
#2254=DIRECTION('',(1.,0.,0.));
#2255=DIRECTION('',(-1.,0.,0.));
#2256=DIRECTION('center_axis',(0.,-1.,2.30620227422246E-14));
#2257=DIRECTION('ref_axis',(-1.,0.,0.));
#2258=DIRECTION('',(0.,-2.30926389122033E-14,-1.));
#2259=DIRECTION('',(1.,0.,0.));
#2260=DIRECTION('',(0.,-2.30926389122033E-14,-1.));
#2261=DIRECTION('center_axis',(0.,-1.,2.30620227422246E-14));
#2262=DIRECTION('ref_axis',(0.,0.,1.));
#2263=DIRECTION('center_axis',(0.,-1.,2.30620227422246E-14));
#2264=DIRECTION('ref_axis',(0.,0.,1.));
#2265=DIRECTION('center_axis',(0.,-1.,2.30620227422246E-14));
#2266=DIRECTION('ref_axis',(0.,0.,1.));
#2267=DIRECTION('center_axis',(0.,-1.,2.30620227422246E-14));
#2268=DIRECTION('ref_axis',(0.,0.,1.));
#2269=DIRECTION('center_axis',(0.,-1.,2.30620227422246E-14));
#2270=DIRECTION('ref_axis',(0.,0.,1.));
#2271=DIRECTION('center_axis',(0.,-1.,2.30620227422246E-14));
#2272=DIRECTION('ref_axis',(0.,0.,1.));
#2273=DIRECTION('center_axis',(0.,-1.,2.30620227422246E-14));
#2274=DIRECTION('ref_axis',(0.,0.,1.));
#2275=DIRECTION('center_axis',(-6.90835396792023E-18,-0.121869343405147,
-0.992546151641322));
#2276=DIRECTION('ref_axis',(2.68185744755923E-31,-0.992546151641322,0.121869343405147));
#2277=DIRECTION('',(5.86267073076872E-17,0.992546151641322,-0.121869343405147));
#2278=DIRECTION('',(1.,-5.66865609914204E-17,1.54074395550979E-33));
#2279=DIRECTION('',(2.68185744755923E-31,-0.992546151641322,0.121869343405147));
#2280=DIRECTION('',(-1.,5.90316292837278E-17,-2.879381805583E-19));
#2281=DIRECTION('center_axis',(1.,-8.41916562080515E-19,-6.85686014503531E-18));
#2282=DIRECTION('ref_axis',(2.68185744755923E-31,-0.992546151641322,0.121869343405147));
#2283=DIRECTION('center_axis',(-1.,8.41916562080515E-19,6.85686014503531E-18));
#2284=DIRECTION('ref_axis',(-5.62640279618154E-17,-0.992546151641322,0.121869343405147));
#2285=DIRECTION('',(2.75215389052936E-31,-0.992546151641322,0.121869343405148));
#2286=DIRECTION('',(-6.90835396792023E-18,-0.121869343405147,-0.992546151641322));
#2287=DIRECTION('',(-2.66933890292071E-31,0.992546151641322,-0.121869343405147));
#2288=DIRECTION('center_axis',(1.,-8.41916562080515E-19,-6.85686014503531E-18));
#2289=DIRECTION('ref_axis',(-5.62640279618154E-17,-0.992546151641322,0.121869343405147));
#2290=DIRECTION('',(-6.90835396792023E-18,-0.121869343405147,-0.992546151641322));
#2291=DIRECTION('',(6.90835396792023E-18,0.121869343405147,0.992546151641322));
#2292=DIRECTION('center_axis',(-5.62640279618154E-17,-0.992546151641322,
0.121869343405147));
#2293=DIRECTION('ref_axis',(1.,-4.95234608405299E-17,5.83387691271288E-17));
#2294=DIRECTION('',(-7.19845451395747E-18,-0.121869343405147,-0.992546151641322));
#2295=DIRECTION('',(-1.,5.67219153544874E-17,2.87938180558298E-19));
#2296=DIRECTION('',(-7.19845451395747E-18,-0.121869343405147,-0.992546151641322));
#2297=DIRECTION('',(1.,-5.66865609914204E-17,7.70371977754894E-34));
#2298=DIRECTION('',(-6.90835396792023E-18,-0.121869343405147,-0.992546151641322));
#2299=DIRECTION('',(1.,-5.65815520064637E-17,8.55229551536672E-19));
#2300=DIRECTION('center_axis',(1.,-5.90669836467949E-17,0.));
#2301=DIRECTION('ref_axis',(-7.19845451395746E-18,-0.121869343405147,-0.992546151641322));
#2302=DIRECTION('',(-7.19845451395747E-18,-0.121869343405147,-0.992546151641322));
#2303=DIRECTION('',(-5.86267073076872E-17,-0.992546151641322,0.121869343405147));
#2304=DIRECTION('center_axis',(5.86267073076872E-17,0.992546151641322,-0.121869343405147));
#2305=DIRECTION('ref_axis',(-1.,5.18685291328374E-17,-5.86267073076872E-17));
#2306=DIRECTION('',(-1.,5.89266202987712E-17,-1.14316773209497E-18));
#2307=DIRECTION('',(6.90835396792023E-18,0.121869343405147,0.992546151641322));
#2308=DIRECTION('',(-1.,5.90316292837278E-17,-2.87938180558299E-19));
#2309=DIRECTION('',(-3.69778549322349E-32,0.121869343405147,0.992546151641322));
#2310=DIRECTION('',(1.,-5.90669836467949E-17,0.));
#2311=DIRECTION('center_axis',(-6.90835396792023E-18,-0.121869343405147,
-0.992546151641322));
#2312=DIRECTION('ref_axis',(-3.01408036296602E-32,-0.992546151641322,0.121869343405147));
#2313=DIRECTION('',(-3.01408036296602E-32,-0.992546151641322,0.121869343405147));
#2314=DIRECTION('',(-5.86267073076872E-17,-0.992546151641322,0.121869343405147));
#2315=DIRECTION('center_axis',(-1.,8.41916562080812E-19,6.85686014503528E-18));
#2316=DIRECTION('ref_axis',(3.01408036296602E-32,0.992546151641322,-0.121869343405147));
#2317=DIRECTION('center_axis',(-1.,8.41916562080812E-19,6.85686014503528E-18));
#2318=DIRECTION('ref_axis',(-5.62640279618154E-17,-0.992546151641322,0.121869343405147));
#2319=DIRECTION('',(-3.13926580935119E-32,-0.992546151641322,0.121869343405147));
#2320=DIRECTION('',(6.90835396792023E-18,0.121869343405147,0.992546151641322));
#2321=DIRECTION('',(2.31111593326468E-32,0.992546151641322,-0.121869343405148));
#2322=DIRECTION('center_axis',(1.,-8.41916562080812E-19,-6.85686014503528E-18));
#2323=DIRECTION('ref_axis',(-5.62640279618154E-17,-0.992546151641322,0.121869343405147));
#2324=DIRECTION('center_axis',(-1.,5.81897127216471E-17,-7.1447983255936E-18));
#2325=DIRECTION('ref_axis',(-3.69778549322349E-32,0.121869343405147,0.992546151641322));
#2326=DIRECTION('',(5.86267073076872E-17,0.992546151641322,-0.121869343405147));
#2327=DIRECTION('center_axis',(1.,-5.64339771739291E-17,2.05713011174918E-18));
#2328=DIRECTION('ref_axis',(-5.62640279618154E-17,-0.992546151641322,0.121869343405147));
#2329=DIRECTION('',(-1.,5.6007435521928E-17,-5.53103309160632E-18));
#2330=DIRECTION('center_axis',(0.,0.,1.));
#2331=DIRECTION('ref_axis',(-1.,0.,0.));
#2332=DIRECTION('center_axis',(1.33578378318888E-18,0.121869343405148,0.992546151641322));
#2333=DIRECTION('ref_axis',(0.,-0.992546151641322,0.121869343405148));
#2334=DIRECTION('',(0.,0.,1.));
#2335=DIRECTION('center_axis',(5.14282527937297E-17,-0.121869343405147,
-0.992546151641322));
#2336=DIRECTION('ref_axis',(0.,-0.992546151641322,0.121869343405147));
#2337=DIRECTION('center_axis',(0.,0.,1.));
#2338=DIRECTION('ref_axis',(-1.,0.,0.));
#2339=DIRECTION('center_axis',(1.33578378318888E-18,0.121869343405148,0.992546151641322));
#2340=DIRECTION('ref_axis',(0.,-0.992546151641322,0.121869343405148));
#2341=DIRECTION('',(0.,0.,1.));
#2342=DIRECTION('center_axis',(5.14282527937297E-17,-0.121869343405147,
-0.992546151641322));
#2343=DIRECTION('ref_axis',(0.,-0.992546151641322,0.121869343405147));
#2344=DIRECTION('center_axis',(0.,0.,1.));
#2345=DIRECTION('ref_axis',(-1.,0.,0.));
#2346=DIRECTION('center_axis',(1.33578378318888E-18,0.121869343405148,0.992546151641322));
#2347=DIRECTION('ref_axis',(0.,-0.992546151641322,0.121869343405148));
#2348=DIRECTION('',(0.,0.,1.));
#2349=DIRECTION('center_axis',(5.14282527937297E-17,-0.121869343405147,
-0.992546151641322));
#2350=DIRECTION('ref_axis',(0.,-0.992546151641322,0.121869343405147));
#2351=DIRECTION('center_axis',(0.,0.,1.));
#2352=DIRECTION('ref_axis',(-1.,0.,0.));
#2353=DIRECTION('center_axis',(1.33578378318888E-18,0.121869343405148,0.992546151641322));
#2354=DIRECTION('ref_axis',(0.,-0.992546151641322,0.121869343405148));
#2355=DIRECTION('',(0.,0.,1.));
#2356=DIRECTION('center_axis',(5.14282527937297E-17,-0.121869343405147,
-0.992546151641322));
#2357=DIRECTION('ref_axis',(0.,-0.992546151641322,0.121869343405147));
#2358=DIRECTION('center_axis',(0.,0.,1.));
#2359=DIRECTION('ref_axis',(-1.,0.,0.));
#2360=DIRECTION('',(0.,0.,1.));
#2361=DIRECTION('center_axis',(0.,0.,1.));
#2362=DIRECTION('ref_axis',(-1.,0.,0.));
#2363=DIRECTION('',(0.,0.,1.));
#2364=DIRECTION('center_axis',(0.,0.,1.));
#2365=DIRECTION('ref_axis',(-1.,0.,0.));
#2366=DIRECTION('',(0.,0.,1.));
#2367=DIRECTION('center_axis',(0.,0.,1.));
#2368=DIRECTION('ref_axis',(-1.,0.,0.));
#2369=DIRECTION('',(0.,0.,1.));
#2370=DIRECTION('center_axis',(0.,-1.,0.));
#2371=DIRECTION('ref_axis',(0.,0.,1.));
#2372=DIRECTION('',(0.,-1.,0.));
#2373=DIRECTION('center_axis',(0.,1.,-2.30314065722459E-14));
#2374=DIRECTION('ref_axis',(0.,0.,1.));
#2375=DIRECTION('center_axis',(0.,-1.,0.));
#2376=DIRECTION('ref_axis',(0.,0.,1.));
#2377=DIRECTION('',(0.,-1.,0.));
#2378=DIRECTION('center_axis',(0.,1.,-2.30314065722459E-14));
#2379=DIRECTION('ref_axis',(0.,0.,1.));
#2380=DIRECTION('center_axis',(0.,-1.,0.));
#2381=DIRECTION('ref_axis',(0.,0.,1.));
#2382=DIRECTION('',(0.,-1.,0.));
#2383=DIRECTION('center_axis',(0.,1.,-2.30314065722459E-14));
#2384=DIRECTION('ref_axis',(0.,0.,1.));
#2385=DIRECTION('center_axis',(0.,-1.,0.));
#2386=DIRECTION('ref_axis',(0.,0.,1.));
#2387=DIRECTION('',(0.,-1.,0.));
#2388=DIRECTION('center_axis',(0.,1.,-2.30314065722459E-14));
#2389=DIRECTION('ref_axis',(0.,0.,1.));
#2390=DIRECTION('center_axis',(0.,-1.,0.));
#2391=DIRECTION('ref_axis',(0.,0.,1.));
#2392=DIRECTION('',(0.,-1.,0.));
#2393=DIRECTION('center_axis',(0.,1.,-2.30314065722459E-14));
#2394=DIRECTION('ref_axis',(0.,0.,1.));
#2395=DIRECTION('center_axis',(0.,-1.,0.));
#2396=DIRECTION('ref_axis',(0.,0.,1.));
#2397=DIRECTION('',(0.,-1.,0.));
#2398=DIRECTION('center_axis',(0.,1.,-2.30314065722459E-14));
#2399=DIRECTION('ref_axis',(0.,0.,1.));
#2400=DIRECTION('center_axis',(0.,-1.,0.));
#2401=DIRECTION('ref_axis',(0.,0.,1.));
#2402=DIRECTION('',(0.,-1.,0.));
#2403=DIRECTION('center_axis',(0.,1.,-2.30314065722459E-14));
#2404=DIRECTION('ref_axis',(0.,0.,1.));
#2405=DIRECTION('center_axis',(1.,-5.64339771739291E-17,2.05713011174918E-18));
#2406=DIRECTION('ref_axis',(-5.62640279618154E-17,-0.992546151641322,0.121869343405147));
#2407=DIRECTION('',(1.,-4.95771170288938E-17,5.79017745410887E-17));
#2408=DIRECTION('center_axis',(1.33578378318888E-18,0.121869343405148,0.992546151641322));
#2409=DIRECTION('ref_axis',(-6.10998031299011E-17,-0.992546151641322,0.121869343405148));
#2410=DIRECTION('',(1.,-5.43768470621799E-17,6.51216167649876E-18));
#2411=DIRECTION('center_axis',(5.47651631576185E-17,0.992546151641322,-0.121869343405147));
#2412=DIRECTION('ref_axis',(-1.,5.43768470621799E-17,-6.51216167649876E-18));
#2413=DIRECTION('',(-1.,5.43768470621799E-17,-6.51216167649876E-18));
#2414=DIRECTION('center_axis',(-5.14282527937297E-17,0.121869343405147,
0.992546151641322));
#2415=DIRECTION('ref_axis',(-6.1099803129901E-17,-0.992546151641322,0.121869343405147));
#2416=DIRECTION('center_axis',(1.,-5.90669836467949E-17,0.));
#2417=DIRECTION('ref_axis',(0.,0.,1.));
#2418=DIRECTION('center_axis',(-1.,5.90669836467949E-17,0.));
#2419=DIRECTION('ref_axis',(0.,-0.992546151641322,0.121869343405146));
#2420=DIRECTION('',(-1.,5.90669836467949E-17,0.));
#2421=DIRECTION('center_axis',(1.,-5.90669836467949E-17,0.));
#2422=DIRECTION('ref_axis',(0.,0.,1.));
#2423=DIRECTION('center_axis',(-1.,5.90669836467949E-17,0.));
#2424=DIRECTION('ref_axis',(0.,0.,1.));
#2425=DIRECTION('center_axis',(1.,-5.90669836467949E-17,0.));
#2426=DIRECTION('ref_axis',(0.,0.,1.));
#2427=DIRECTION('',(0.,0.,1.));
#2428=DIRECTION('center_axis',(1.,-5.90669836467949E-17,0.));
#2429=DIRECTION('ref_axis',(0.,0.,-1.));
#2430=DIRECTION('',(0.,0.,-1.));
#2431=DIRECTION('center_axis',(1.,-5.90669836467949E-17,0.));
#2432=DIRECTION('ref_axis',(0.,0.,1.));
#2433=DIRECTION('center_axis',(1.,-5.90669836467949E-17,0.));
#2434=DIRECTION('ref_axis',(0.,0.,1.));
#2435=DIRECTION('',(1.,-5.90669836467949E-17,0.));
#2436=DIRECTION('center_axis',(1.,0.,0.));
#2437=DIRECTION('ref_axis',(0.,1.,0.));
#2438=DIRECTION('',(0.,-1.,0.));
#2439=DIRECTION('',(0.,0.,1.));
#2440=DIRECTION('',(0.,1.,0.));
#2441=DIRECTION('center_axis',(0.,0.,1.));
#2442=DIRECTION('ref_axis',(1.,0.,0.));
#2443=DIRECTION('',(0.,1.,0.));
#2444=DIRECTION('',(1.,0.,0.));
#2445=DIRECTION('center_axis',(0.,0.,1.));
#2446=DIRECTION('ref_axis',(1.,0.,0.));
#2447=DIRECTION('center_axis',(0.,0.,1.));
#2448=DIRECTION('ref_axis',(1.,0.,0.));
#2449=DIRECTION('center_axis',(0.,0.,1.));
#2450=DIRECTION('ref_axis',(1.,0.,0.));
#2451=DIRECTION('center_axis',(0.,0.,1.));
#2452=DIRECTION('ref_axis',(1.,0.,0.));
#2453=DIRECTION('center_axis',(0.,0.,1.));
#2454=DIRECTION('ref_axis',(1.,0.,0.));
#2455=DIRECTION('center_axis',(0.,0.,1.));
#2456=DIRECTION('ref_axis',(1.,0.,0.));
#2457=DIRECTION('center_axis',(0.,0.,1.));
#2458=DIRECTION('ref_axis',(1.,0.,0.));
#2459=DIRECTION('center_axis',(0.,0.,1.));
#2460=DIRECTION('ref_axis',(1.,0.,0.));
#2461=DIRECTION('center_axis',(0.,0.,1.));
#2462=DIRECTION('ref_axis',(1.,0.,0.));
#2463=DIRECTION('center_axis',(0.,0.,1.));
#2464=DIRECTION('ref_axis',(1.,0.,0.));
#2465=DIRECTION('center_axis',(0.,0.,1.));
#2466=DIRECTION('ref_axis',(1.,0.,0.));
#2467=DIRECTION('center_axis',(0.,0.,1.));
#2468=DIRECTION('ref_axis',(1.,0.,0.));
#2469=DIRECTION('center_axis',(0.,0.,1.));
#2470=DIRECTION('ref_axis',(1.,0.,0.));
#2471=DIRECTION('center_axis',(0.,0.,1.));
#2472=DIRECTION('ref_axis',(1.,0.,0.));
#2473=DIRECTION('center_axis',(0.,0.,1.));
#2474=DIRECTION('ref_axis',(1.,0.,0.));
#2475=DIRECTION('center_axis',(0.,0.,1.));
#2476=DIRECTION('ref_axis',(1.,0.,0.));
#2477=DIRECTION('center_axis',(0.,0.,1.));
#2478=DIRECTION('ref_axis',(1.,0.,0.));
#2479=DIRECTION('center_axis',(0.,0.,1.));
#2480=DIRECTION('ref_axis',(1.,0.,0.));
#2481=DIRECTION('center_axis',(0.,0.,1.));
#2482=DIRECTION('ref_axis',(1.,0.,0.));
#2483=DIRECTION('center_axis',(0.,0.,1.));
#2484=DIRECTION('ref_axis',(1.,0.,0.));
#2485=DIRECTION('center_axis',(0.,0.,1.));
#2486=DIRECTION('ref_axis',(1.,0.,0.));
#2487=DIRECTION('center_axis',(0.,0.,1.));
#2488=DIRECTION('ref_axis',(1.,0.,0.));
#2489=DIRECTION('center_axis',(0.,0.,1.));
#2490=DIRECTION('ref_axis',(1.,0.,0.));
#2491=DIRECTION('center_axis',(0.,0.,1.));
#2492=DIRECTION('ref_axis',(1.,0.,0.));
#2493=DIRECTION('center_axis',(0.,0.,1.));
#2494=DIRECTION('ref_axis',(1.,0.,0.));
#2495=DIRECTION('center_axis',(0.,0.,1.));
#2496=DIRECTION('ref_axis',(1.,0.,0.));
#2497=DIRECTION('center_axis',(0.,0.,1.));
#2498=DIRECTION('ref_axis',(1.,0.,0.));
#2499=DIRECTION('center_axis',(0.,0.,1.));
#2500=DIRECTION('ref_axis',(1.,0.,0.));
#2501=DIRECTION('center_axis',(0.,0.,1.));
#2502=DIRECTION('ref_axis',(1.,0.,0.));
#2503=DIRECTION('center_axis',(0.,0.,1.));
#2504=DIRECTION('ref_axis',(1.,0.,0.));
#2505=DIRECTION('center_axis',(0.,0.,1.));
#2506=DIRECTION('ref_axis',(1.,0.,0.));
#2507=DIRECTION('center_axis',(0.,0.,1.));
#2508=DIRECTION('ref_axis',(1.,0.,0.));
#2509=DIRECTION('center_axis',(0.,0.,1.));
#2510=DIRECTION('ref_axis',(1.,0.,0.));
#2511=DIRECTION('center_axis',(0.,0.,1.));
#2512=DIRECTION('ref_axis',(1.,0.,0.));
#2513=DIRECTION('center_axis',(0.,0.,1.));
#2514=DIRECTION('ref_axis',(1.,0.,0.));
#2515=DIRECTION('center_axis',(0.,0.,1.));
#2516=DIRECTION('ref_axis',(1.,0.,0.));
#2517=DIRECTION('center_axis',(0.,0.,1.));
#2518=DIRECTION('ref_axis',(1.,0.,0.));
#2519=DIRECTION('center_axis',(0.,0.,1.));
#2520=DIRECTION('ref_axis',(1.,0.,0.));
#2521=DIRECTION('center_axis',(0.,0.,1.));
#2522=DIRECTION('ref_axis',(1.,0.,0.));
#2523=DIRECTION('center_axis',(0.,0.,1.));
#2524=DIRECTION('ref_axis',(1.,0.,0.));
#2525=DIRECTION('center_axis',(0.,0.,1.));
#2526=DIRECTION('ref_axis',(1.,0.,0.));
#2527=DIRECTION('center_axis',(-1.,0.,0.));
#2528=DIRECTION('ref_axis',(0.,1.,-2.30314065722459E-14));
#2529=DIRECTION('',(1.,0.,0.));
#2530=DIRECTION('center_axis',(1.,0.,0.));
#2531=DIRECTION('ref_axis',(0.,2.30314065722459E-14,1.));
#2532=DIRECTION('',(0.,-1.,2.30314065722459E-14));
#2533=DIRECTION('',(0.,2.30314065722459E-14,1.));
#2534=DIRECTION('center_axis',(-1.,0.,0.));
#2535=DIRECTION('ref_axis',(0.,0.,1.));
#2536=DIRECTION('',(-1.,0.,0.));
#2537=DIRECTION('center_axis',(1.,0.,0.));
#2538=DIRECTION('ref_axis',(0.,1.,-2.31036287464181E-14));
#2539=DIRECTION('center_axis',(-1.,0.,0.));
#2540=DIRECTION('ref_axis',(0.,0.,1.));
#2541=DIRECTION('center_axis',(-1.,0.,0.));
#2542=DIRECTION('ref_axis',(0.,-2.30926389122033E-14,-1.));
#2543=DIRECTION('',(0.,-2.30926389122033E-14,-1.));
#2544=DIRECTION('',(0.,1.,-2.30314065722459E-14));
#2545=DIRECTION('center_axis',(1.,0.,0.));
#2546=DIRECTION('ref_axis',(0.,0.,-1.));
#2547=DIRECTION('center_axis',(-1.,0.,0.));
#2548=DIRECTION('ref_axis',(0.,0.,1.));
#2549=DIRECTION('center_axis',(-1.,0.,0.));
#2550=DIRECTION('ref_axis',(0.,0.,1.));
#2551=DIRECTION('',(0.,0.,-1.));
#2552=DIRECTION('center_axis',(-1.,0.,0.));
#2553=DIRECTION('ref_axis',(0.,0.,1.));
#2554=DIRECTION('center_axis',(-1.,0.,0.));
#2555=DIRECTION('ref_axis',(0.,0.,1.));
#2556=DIRECTION('',(-1.,0.,0.));
#2557=DIRECTION('center_axis',(0.,-1.,2.30314065722459E-14));
#2558=DIRECTION('ref_axis',(-1.,0.,0.));
#2559=DIRECTION('center_axis',(-1.,0.,0.));
#2560=DIRECTION('ref_axis',(0.,-1.,0.));
#2561=DIRECTION('',(0.,-1.,0.));
#2562=DIRECTION('center_axis',(0.,0.,1.));
#2563=DIRECTION('ref_axis',(1.,0.,0.));
#2564=DIRECTION('center_axis',(0.,0.,-1.));
#2565=DIRECTION('ref_axis',(1.,0.,0.));
#2566=DIRECTION('',(0.,0.,-1.));
#2567=DIRECTION('center_axis',(0.,0.,1.));
#2568=DIRECTION('ref_axis',(1.,0.,0.));
#2569=DIRECTION('center_axis',(0.,0.,-1.));
#2570=DIRECTION('ref_axis',(1.,0.,0.));
#2571=DIRECTION('',(0.,0.,-1.));
#2572=DIRECTION('center_axis',(0.,0.,1.));
#2573=DIRECTION('ref_axis',(1.,0.,0.));
#2574=DIRECTION('center_axis',(0.,0.,-1.));
#2575=DIRECTION('ref_axis',(1.,0.,0.));
#2576=DIRECTION('',(0.,0.,-1.));
#2577=DIRECTION('center_axis',(0.,0.,1.));
#2578=DIRECTION('ref_axis',(1.,0.,0.));
#2579=DIRECTION('center_axis',(0.,0.,-1.));
#2580=DIRECTION('ref_axis',(1.,0.,0.));
#2581=DIRECTION('',(0.,0.,-1.));
#2582=DIRECTION('center_axis',(0.,0.,1.));
#2583=DIRECTION('ref_axis',(1.,0.,0.));
#2584=DIRECTION('center_axis',(0.,0.,-1.));
#2585=DIRECTION('ref_axis',(1.,0.,0.));
#2586=DIRECTION('',(0.,0.,-1.));
#2587=DIRECTION('center_axis',(0.,0.,1.));
#2588=DIRECTION('ref_axis',(1.,0.,0.));
#2589=DIRECTION('center_axis',(0.,0.,-1.));
#2590=DIRECTION('ref_axis',(1.,0.,0.));
#2591=DIRECTION('',(0.,0.,-1.));
#2592=DIRECTION('center_axis',(0.,0.,1.));
#2593=DIRECTION('ref_axis',(1.,0.,0.));
#2594=DIRECTION('center_axis',(0.,0.,-1.));
#2595=DIRECTION('ref_axis',(1.,0.,0.));
#2596=DIRECTION('',(0.,0.,-1.));
#2597=DIRECTION('center_axis',(0.,0.,1.));
#2598=DIRECTION('ref_axis',(1.,0.,0.));
#2599=DIRECTION('center_axis',(0.,0.,-1.));
#2600=DIRECTION('ref_axis',(1.,0.,0.));
#2601=DIRECTION('',(0.,0.,-1.));
#2602=DIRECTION('center_axis',(0.,0.,1.));
#2603=DIRECTION('ref_axis',(1.,0.,0.));
#2604=DIRECTION('center_axis',(0.,0.,-1.));
#2605=DIRECTION('ref_axis',(1.,0.,0.));
#2606=DIRECTION('',(0.,0.,-1.));
#2607=DIRECTION('center_axis',(0.,0.,1.));
#2608=DIRECTION('ref_axis',(1.,0.,0.));
#2609=DIRECTION('center_axis',(0.,0.,-1.));
#2610=DIRECTION('ref_axis',(1.,0.,0.));
#2611=DIRECTION('',(0.,0.,-1.));
#2612=DIRECTION('center_axis',(0.,0.,1.));
#2613=DIRECTION('ref_axis',(1.,0.,0.));
#2614=DIRECTION('center_axis',(0.,0.,-1.));
#2615=DIRECTION('ref_axis',(1.,0.,0.));
#2616=DIRECTION('',(0.,0.,-1.));
#2617=DIRECTION('center_axis',(0.,0.,1.));
#2618=DIRECTION('ref_axis',(1.,0.,0.));
#2619=DIRECTION('center_axis',(0.,0.,-1.));
#2620=DIRECTION('ref_axis',(1.,0.,0.));
#2621=DIRECTION('',(0.,0.,-1.));
#2622=DIRECTION('center_axis',(0.,0.,1.));
#2623=DIRECTION('ref_axis',(1.,0.,0.));
#2624=DIRECTION('center_axis',(0.,0.,-1.));
#2625=DIRECTION('ref_axis',(1.,0.,0.));
#2626=DIRECTION('',(0.,0.,-1.));
#2627=DIRECTION('center_axis',(0.,0.,1.));
#2628=DIRECTION('ref_axis',(1.,0.,0.));
#2629=DIRECTION('center_axis',(0.,0.,-1.));
#2630=DIRECTION('ref_axis',(1.,0.,0.));
#2631=DIRECTION('',(0.,0.,-1.));
#2632=DIRECTION('center_axis',(0.,0.,1.));
#2633=DIRECTION('ref_axis',(1.,0.,0.));
#2634=DIRECTION('center_axis',(0.,0.,-1.));
#2635=DIRECTION('ref_axis',(1.,0.,0.));
#2636=DIRECTION('',(0.,0.,-1.));
#2637=DIRECTION('center_axis',(0.,0.,1.));
#2638=DIRECTION('ref_axis',(1.,0.,0.));
#2639=DIRECTION('center_axis',(0.,0.,-1.));
#2640=DIRECTION('ref_axis',(1.,0.,0.));
#2641=DIRECTION('',(0.,0.,-1.));
#2642=DIRECTION('center_axis',(0.,0.,1.));
#2643=DIRECTION('ref_axis',(1.,0.,0.));
#2644=DIRECTION('center_axis',(0.,0.,-1.));
#2645=DIRECTION('ref_axis',(1.,0.,0.));
#2646=DIRECTION('',(0.,0.,-1.));
#2647=DIRECTION('center_axis',(0.,0.,1.));
#2648=DIRECTION('ref_axis',(1.,0.,0.));
#2649=DIRECTION('center_axis',(0.,0.,-1.));
#2650=DIRECTION('ref_axis',(1.,0.,0.));
#2651=DIRECTION('',(0.,0.,-1.));
#2652=DIRECTION('center_axis',(0.,0.,1.));
#2653=DIRECTION('ref_axis',(1.,0.,0.));
#2654=DIRECTION('center_axis',(0.,0.,-1.));
#2655=DIRECTION('ref_axis',(1.,0.,0.));
#2656=DIRECTION('',(0.,0.,-1.));
#2657=DIRECTION('center_axis',(0.,0.,1.));
#2658=DIRECTION('ref_axis',(1.,0.,0.));
#2659=DIRECTION('center_axis',(0.,0.,-1.));
#2660=DIRECTION('ref_axis',(1.,0.,0.));
#2661=DIRECTION('',(0.,0.,-1.));
#2662=DIRECTION('center_axis',(0.,0.,1.));
#2663=DIRECTION('ref_axis',(1.,0.,0.));
#2664=DIRECTION('center_axis',(0.,0.,-1.));
#2665=DIRECTION('ref_axis',(1.,0.,0.));
#2666=DIRECTION('',(0.,0.,-1.));
#2667=DIRECTION('center_axis',(0.,0.,1.));
#2668=DIRECTION('ref_axis',(1.,0.,0.));
#2669=DIRECTION('center_axis',(0.,0.,-1.));
#2670=DIRECTION('ref_axis',(1.,0.,0.));
#2671=DIRECTION('',(0.,0.,-1.));
#2672=DIRECTION('center_axis',(0.,0.,1.));
#2673=DIRECTION('ref_axis',(1.,0.,0.));
#2674=DIRECTION('center_axis',(0.,0.,-1.));
#2675=DIRECTION('ref_axis',(1.,0.,0.));
#2676=DIRECTION('',(0.,0.,-1.));
#2677=DIRECTION('center_axis',(0.,0.,1.));
#2678=DIRECTION('ref_axis',(1.,0.,0.));
#2679=DIRECTION('center_axis',(0.,0.,-1.));
#2680=DIRECTION('ref_axis',(1.,0.,0.));
#2681=DIRECTION('',(0.,0.,-1.));
#2682=DIRECTION('center_axis',(0.,0.,1.));
#2683=DIRECTION('ref_axis',(1.,0.,0.));
#2684=DIRECTION('center_axis',(0.,0.,-1.));
#2685=DIRECTION('ref_axis',(1.,0.,0.));
#2686=DIRECTION('',(0.,0.,-1.));
#2687=DIRECTION('center_axis',(0.,0.,1.));
#2688=DIRECTION('ref_axis',(1.,0.,0.));
#2689=DIRECTION('center_axis',(0.,0.,-1.));
#2690=DIRECTION('ref_axis',(1.,0.,0.));
#2691=DIRECTION('',(0.,0.,-1.));
#2692=DIRECTION('center_axis',(0.,0.,1.));
#2693=DIRECTION('ref_axis',(1.,0.,0.));
#2694=DIRECTION('center_axis',(0.,0.,-1.));
#2695=DIRECTION('ref_axis',(1.,0.,0.));
#2696=DIRECTION('',(0.,0.,-1.));
#2697=DIRECTION('center_axis',(0.,0.,1.));
#2698=DIRECTION('ref_axis',(1.,0.,0.));
#2699=DIRECTION('center_axis',(0.,0.,-1.));
#2700=DIRECTION('ref_axis',(1.,0.,0.));
#2701=DIRECTION('',(0.,0.,-1.));
#2702=DIRECTION('center_axis',(0.,0.,1.));
#2703=DIRECTION('ref_axis',(1.,0.,0.));
#2704=DIRECTION('center_axis',(0.,0.,-1.));
#2705=DIRECTION('ref_axis',(1.,0.,0.));
#2706=DIRECTION('',(0.,0.,-1.));
#2707=DIRECTION('center_axis',(0.,0.,1.));
#2708=DIRECTION('ref_axis',(1.,0.,0.));
#2709=DIRECTION('center_axis',(0.,0.,-1.));
#2710=DIRECTION('ref_axis',(1.,0.,0.));
#2711=DIRECTION('',(0.,0.,-1.));
#2712=DIRECTION('center_axis',(0.,0.,1.));
#2713=DIRECTION('ref_axis',(1.,0.,0.));
#2714=DIRECTION('center_axis',(0.,0.,-1.));
#2715=DIRECTION('ref_axis',(1.,0.,0.));
#2716=DIRECTION('',(0.,0.,-1.));
#2717=DIRECTION('center_axis',(0.,0.,1.));
#2718=DIRECTION('ref_axis',(1.,0.,0.));
#2719=DIRECTION('center_axis',(0.,0.,-1.));
#2720=DIRECTION('ref_axis',(1.,0.,0.));
#2721=DIRECTION('',(0.,0.,-1.));
#2722=DIRECTION('center_axis',(0.,0.,1.));
#2723=DIRECTION('ref_axis',(1.,0.,0.));
#2724=DIRECTION('center_axis',(0.,0.,-1.));
#2725=DIRECTION('ref_axis',(1.,0.,0.));
#2726=DIRECTION('',(0.,0.,-1.));
#2727=DIRECTION('center_axis',(0.,0.,1.));
#2728=DIRECTION('ref_axis',(1.,0.,0.));
#2729=DIRECTION('center_axis',(0.,0.,-1.));
#2730=DIRECTION('ref_axis',(1.,0.,0.));
#2731=DIRECTION('',(0.,0.,-1.));
#2732=DIRECTION('center_axis',(0.,0.,1.));
#2733=DIRECTION('ref_axis',(1.,0.,0.));
#2734=DIRECTION('center_axis',(0.,0.,-1.));
#2735=DIRECTION('ref_axis',(1.,0.,0.));
#2736=DIRECTION('',(0.,0.,-1.));
#2737=DIRECTION('center_axis',(0.,0.,1.));
#2738=DIRECTION('ref_axis',(1.,0.,0.));
#2739=DIRECTION('center_axis',(0.,0.,-1.));
#2740=DIRECTION('ref_axis',(1.,0.,0.));
#2741=DIRECTION('',(0.,0.,-1.));
#2742=DIRECTION('center_axis',(0.,0.,1.));
#2743=DIRECTION('ref_axis',(1.,0.,0.));
#2744=DIRECTION('center_axis',(0.,0.,-1.));
#2745=DIRECTION('ref_axis',(1.,0.,0.));
#2746=DIRECTION('',(0.,0.,-1.));
#2747=DIRECTION('center_axis',(0.,0.,1.));
#2748=DIRECTION('ref_axis',(1.,0.,0.));
#2749=DIRECTION('center_axis',(0.,0.,-1.));
#2750=DIRECTION('ref_axis',(1.,0.,0.));
#2751=DIRECTION('',(0.,0.,-1.));
#2752=DIRECTION('center_axis',(0.,0.,1.));
#2753=DIRECTION('ref_axis',(1.,0.,0.));
#2754=DIRECTION('center_axis',(0.,0.,-1.));
#2755=DIRECTION('ref_axis',(1.,0.,0.));
#2756=DIRECTION('',(0.,0.,-1.));
#2757=DIRECTION('center_axis',(0.,0.,1.));
#2758=DIRECTION('ref_axis',(1.,0.,0.));
#2759=DIRECTION('center_axis',(0.,0.,-1.));
#2760=DIRECTION('ref_axis',(1.,0.,0.));
#2761=DIRECTION('',(0.,0.,-1.));
#2762=DIRECTION('center_axis',(0.,0.,1.));
#2763=DIRECTION('ref_axis',(1.,0.,0.));
#2764=DIRECTION('center_axis',(0.,0.,-1.));
#2765=DIRECTION('ref_axis',(1.,0.,0.));
#2766=DIRECTION('',(0.,0.,-1.));
#2767=DIRECTION('center_axis',(0.,0.,1.));
#2768=DIRECTION('ref_axis',(1.,0.,0.));
#2769=CARTESIAN_POINT('',(0.,0.,0.));
#2770=CARTESIAN_POINT('Origin',(0.375499997184032,10.2,-2.21849996433108));
#2771=CARTESIAN_POINT('',(0.375499997184032,10.687,-2.06199996433108));
#2772=CARTESIAN_POINT('',(0.375499997184033,10.6869999999999,-2.23273115013655));
#2773=CARTESIAN_POINT('',(0.375499997184032,10.687,-1.68761469660434));
#2774=CARTESIAN_POINT('',(0.375499997184032,10.75,-2.06199996433108));
#2775=CARTESIAN_POINT('',(0.375499997184032,10.2,-2.06199996433108));
#2776=CARTESIAN_POINT('',(0.375499997184032,10.75,-2.23273115013655));
#2777=CARTESIAN_POINT('',(0.375499997184032,10.75,-1.68761469660434));
#2778=CARTESIAN_POINT('',(0.375499997184032,10.6400568043462,-2.3300006729974));
#2779=CARTESIAN_POINT('Origin',(0.375499997184032,10.6519999999999,-2.23273115013655));
#2780=CARTESIAN_POINT('',(0.375499997184032,10.005590386269,-2.25209799244613));
#2781=CARTESIAN_POINT('',(0.375499997184032,10.2837546552944,-2.28625227007729));
#2782=CARTESIAN_POINT('',(0.375499997184032,10.0132681549035,-2.18956758489272));
#2783=CARTESIAN_POINT('',(0.375499997184032,10.0129049943439,-2.19252529029868));
#2784=CARTESIAN_POINT('',(0.375499997184032,10.6477345729808,-2.26747026544399));
#2785=CARTESIAN_POINT('',(0.375499997184032,10.2914324239289,-2.22372186252389));
#2786=CARTESIAN_POINT('Origin',(0.375499997184032,10.6519999999999,-2.23273115013655));
#2787=CARTESIAN_POINT('Origin',(0.281499997184033,10.2,-2.06199996433108));
#2788=CARTESIAN_POINT('',(0.249999999999996,10.687,-2.06199996433108));
#2789=CARTESIAN_POINT('',(4.89074999859201,10.687,-2.06199996433108));
#2790=CARTESIAN_POINT('',(0.249999999999996,10.75,-2.06199996433108));
#2791=CARTESIAN_POINT('',(0.249999999999996,10.475,-2.06199996433108));
#2792=CARTESIAN_POINT('',(4.89074999859201,10.75,-2.06199996433108));
#2793=CARTESIAN_POINT('Origin',(9.5,10.3821385267387,-2.23485917152861));
#2794=CARTESIAN_POINT('',(18.6244997174646,10.0132681549035,-2.18956758489272));
#2795=CARTESIAN_POINT('',(0.249999999999999,10.0132681549035,-2.18956758489272));
#2796=CARTESIAN_POINT('',(18.6244997174646,10.6477345729808,-2.26747026544399));
#2797=CARTESIAN_POINT('',(18.6244997174646,10.3037770127389,-2.22523758744046));
#2798=CARTESIAN_POINT('',(9.5,10.6477345729808,-2.26747026544399));
#2799=CARTESIAN_POINT('',(1.0625,10.275,-2.22170421456721));
#2800=CARTESIAN_POINT('Origin',(1.,10.275,-2.22170421456721));
#2801=CARTESIAN_POINT('',(12.4625,10.275,-2.22170421456721));
#2802=CARTESIAN_POINT('Origin',(12.4,10.275,-2.22170421456721));
#2803=CARTESIAN_POINT('',(18.0625,10.275,-2.22170421456721));
#2804=CARTESIAN_POINT('Origin',(18.,10.275,-2.22170421456721));
#2805=CARTESIAN_POINT('',(6.6625,10.275,-2.22170421456721));
#2806=CARTESIAN_POINT('Origin',(6.6,10.275,-2.22170421456721));
#2807=CARTESIAN_POINT('Origin',(18.75,10.0132681549035,-2.18956758489272));
#2808=CARTESIAN_POINT('',(18.6244997174646,10.005590386269,-2.25209799244613));
#2809=CARTESIAN_POINT('',(0.249999999999999,10.005590386269,-2.25209799244613));
#2810=CARTESIAN_POINT('',(18.6244997174646,10.0130604055339,-2.19125956772875));
#2811=CARTESIAN_POINT('Origin',(9.5,10.3744607581042,-2.29738957908201));
#2812=CARTESIAN_POINT('',(18.6244997174646,10.6400568043462,-2.3300006729974));
#2813=CARTESIAN_POINT('',(9.5,10.6400568043462,-2.3300006729974));
#2814=CARTESIAN_POINT('',(18.6244997174646,10.2960992441044,-2.28776799499386));
#2815=CARTESIAN_POINT('',(6.6625,10.275,-2.28517733357112));
#2816=CARTESIAN_POINT('Origin',(6.6,10.275,-2.28517733357112));
#2817=CARTESIAN_POINT('',(18.0625,10.275,-2.28517733357112));
#2818=CARTESIAN_POINT('Origin',(18.,10.275,-2.28517733357112));
#2819=CARTESIAN_POINT('',(12.4625,10.275,-2.28517733357112));
#2820=CARTESIAN_POINT('Origin',(12.4,10.275,-2.28517733357112));
#2821=CARTESIAN_POINT('',(1.0625,10.275,-2.28517733357112));
#2822=CARTESIAN_POINT('Origin',(1.,10.275,-2.28517733357112));
#2823=CARTESIAN_POINT('Origin',(9.5,10.6519999999999,-2.23273115013655));
#2824=CARTESIAN_POINT('',(18.6244997174646,10.75,-2.23273115013655));
#2825=CARTESIAN_POINT('',(4.875,10.7499999999999,-2.23273115013655));
#2826=CARTESIAN_POINT('Origin',(18.6244997174646,10.6519999999999,-2.23273115013655));
#2827=CARTESIAN_POINT('Origin',(18.6244997174646,10.225,-2.21899996902436));
#2828=CARTESIAN_POINT('',(18.6244997174646,10.75,-2.06249996902436));
#2829=CARTESIAN_POINT('',(18.6244997174646,10.75,-1.68786469895098));
#2830=CARTESIAN_POINT('',(18.6244997174646,10.687,-2.06249996902436));
#2831=CARTESIAN_POINT('',(18.6244997174646,10.225,-2.06249996902436));
#2832=CARTESIAN_POINT('',(18.6244997174646,10.6869999999999,-2.23273115013655));
#2833=CARTESIAN_POINT('',(18.6244997174646,10.687,-1.68786469895098));
#2834=CARTESIAN_POINT('Origin',(18.6244997174646,10.6519999999999,-2.23273115013655));
#2835=CARTESIAN_POINT('Origin',(18.7184997174646,10.225,-2.06249996902436));
#2836=CARTESIAN_POINT('',(18.75,10.687,-2.06249996902436));
#2837=CARTESIAN_POINT('',(18.75,10.75,-2.06249996902436));
#2838=CARTESIAN_POINT('',(18.75,10.4875,-2.06249996902436));
#2839=CARTESIAN_POINT('',(14.1092498587323,10.687,-2.06249996902436));
#2840=CARTESIAN_POINT('',(14.1092498587323,10.75,-2.06249996902436));
#2841=CARTESIAN_POINT('Origin',(9.5,10.75,-1.15672942887759));
#2842=CARTESIAN_POINT('',(0.249999999999996,10.75,-0.0665000000000029));
#2843=CARTESIAN_POINT('',(0.249999999999996,10.75,0.126582284489625));
#2844=CARTESIAN_POINT('',(18.75,10.75,-0.0665000000000029));
#2845=CARTESIAN_POINT('',(9.5,10.75,-0.0665000000000015));
#2846=CARTESIAN_POINT('',(18.75,10.75,0.126582284489625));
#2847=CARTESIAN_POINT('',(1.84999992115291,10.75,-1.56699997559494));
#2848=CARTESIAN_POINT('Origin',(1.84999992115291,10.75,-1.36699997559494));
#2849=CARTESIAN_POINT('',(3.84999989111592,10.75,-1.56699997559494));
#2850=CARTESIAN_POINT('Origin',(3.84999989111592,10.75,-1.36699997559494));
#2851=CARTESIAN_POINT('',(4.84999987609743,10.75,-1.56699997559494));
#2852=CARTESIAN_POINT('Origin',(4.84999987609743,10.75,-1.36699997559494));
#2853=CARTESIAN_POINT('',(2.84999990613442,10.75,-1.56699997559494));
#2854=CARTESIAN_POINT('Origin',(2.84999990613442,10.75,-1.36699997559494));
#2855=CARTESIAN_POINT('',(15.9495616185846,10.75,-1.57545544109757));
#2856=CARTESIAN_POINT('Origin',(15.9495616185846,10.75,-1.50045544109757));
#2857=CARTESIAN_POINT('',(16.9999997878638,10.75,-1.57499997747226));
#2858=CARTESIAN_POINT('Origin',(16.9999997878638,10.75,-1.49999997747226));
#2859=CARTESIAN_POINT('',(16.4754498435015,10.75,-1.85030510419834));
#2860=CARTESIAN_POINT('Origin',(16.4754498435015,10.75,-1.50030510419834));
#2861=CARTESIAN_POINT('Origin',(18.7184997174646,0.176540754891592,-0.80249657677875));
#2862=CARTESIAN_POINT('',(18.75,-0.344545974720102,-0.738515171491047));
#2863=CARTESIAN_POINT('',(18.75,-0.2820155671667,-0.746192940125571));
#2864=CARTESIAN_POINT('',(18.75,-0.0840026099142554,-0.770505874134898));
#2865=CARTESIAN_POINT('',(18.6244997174646,-0.344545974720102,-0.738515171491047));
#2866=CARTESIAN_POINT('',(14.1092498587323,-0.344545974720102,-0.738515171491047));
#2867=CARTESIAN_POINT('',(18.6244997174646,-0.2820155671667,-0.746192940125571));
#2868=CARTESIAN_POINT('',(18.6244997174646,0.176540754891592,-0.80249657677875));
#2869=CARTESIAN_POINT('',(14.1092498587323,-0.282015567166699,-0.746192940125571));
#2870=CARTESIAN_POINT('Origin',(18.6244997174646,0.155213619795691,-0.976192153315981));
#2871=CARTESIAN_POINT('',(18.6244997174646,-0.274599820544297,-0.972989347295027));
#2872=CARTESIAN_POINT('',(18.6244997174646,-0.359926147751442,-0.863776628780473));
#2873=CARTESIAN_POINT('Origin',(18.6244997174646,-0.262656624890593,-0.875719824434177));
#2874=CARTESIAN_POINT('',(18.6244997174646,0.372540270325845,-1.05244815919518));
#2875=CARTESIAN_POINT('',(18.6244997174646,0.0751384207461238,-1.01593180368283));
#2876=CARTESIAN_POINT('',(18.6244997174646,0.380218038960369,-0.98991775164178));
#2877=CARTESIAN_POINT('',(18.6244997174646,0.375538387120417,-1.02803045738866));
#2878=CARTESIAN_POINT('',(18.6244997174646,-0.266922051909773,-0.910458939741623));
#2879=CARTESIAN_POINT('',(18.6244997174646,0.0828161893806482,-0.953401396129421));
#2880=CARTESIAN_POINT('',(18.6244997174646,-0.29739574019804,-0.871454397414997));
#2881=CARTESIAN_POINT('Origin',(18.6244997174646,-0.262656624890593,-0.875719824434177));
#2882=CARTESIAN_POINT('',(18.6244997174646,-0.275802515311123,-0.695591693438784));
#2883=CARTESIAN_POINT('',(18.6244997174646,-0.338332922864526,-0.68791392480426));
#2884=CARTESIAN_POINT('Origin',(9.5,-0.310792735913048,-0.463617101580241));
#2885=CARTESIAN_POINT('',(18.75,-0.260566446934367,-0.0545568043462956));
#2886=CARTESIAN_POINT('',(18.75,-0.23703563570045,0.137086274074));
#2887=CARTESIAN_POINT('',(0.249999999999995,-0.260566446934366,-0.0545568043462956));
#2888=CARTESIAN_POINT('',(9.5,-0.260566446934366,-0.0545568043462956));
#2889=CARTESIAN_POINT('',(0.249999999999999,-0.345071477139432,-0.74279504524281));
#2890=CARTESIAN_POINT('',(0.249999999999995,-0.237035635700449,0.137086274074));
#2891=CARTESIAN_POINT('',(0.37497114152371,-0.345071477139432,-0.74279504524281));
#2892=CARTESIAN_POINT('',(4.89023557076185,-0.345071477139432,-0.74279504524281));
#2893=CARTESIAN_POINT('',(0.37497114152371,-0.359926147751442,-0.863776628780473));
#2894=CARTESIAN_POINT('',(0.37497114152371,-0.33859567407419,-0.690053861680141));
#2895=CARTESIAN_POINT('',(4.875,-0.359926147751442,-0.863776628780473));
#2896=CARTESIAN_POINT('Origin',(18.75,-0.24971612842095,0.0338119484808409));
#2897=CARTESIAN_POINT('',(18.75,-0.198036039380964,-0.0622345729808198));
#2898=CARTESIAN_POINT('',(18.75,-0.174505228147047,0.129408505439476));
#2899=CARTESIAN_POINT('',(18.75,-0.24243262874388,-0.0567833572503076));
#2900=CARTESIAN_POINT('Origin',(9.5,-0.248262328359645,-0.471294870214765));
#2901=CARTESIAN_POINT('',(0.374971141523711,-0.297395740198038,-0.871454397414997));
#2902=CARTESIAN_POINT('',(4.875,-0.297395740198039,-0.871454397414997));
#2903=CARTESIAN_POINT('',(0.37497114152371,-0.282541069586028,-0.750472813877335));
#2904=CARTESIAN_POINT('',(0.37497114152371,-0.276065266520787,-0.697731630314666));
#2905=CARTESIAN_POINT('',(0.249999999999999,-0.282541069586028,-0.750472813877335));
#2906=CARTESIAN_POINT('',(4.89023557076185,-0.282541069586029,-0.750472813877335));
#2907=CARTESIAN_POINT('',(0.249999999999999,-0.198036039380963,-0.0622345729808199));
#2908=CARTESIAN_POINT('',(0.249999999999999,-0.198036039380963,-0.0622345729808199));
#2909=CARTESIAN_POINT('',(9.5,-0.198036039380963,-0.0622345729808199));
#2910=CARTESIAN_POINT('Origin',(0.28047114152371,0.200828906263295,-0.809823184115641));
#2911=CARTESIAN_POINT('',(0.37497114152371,0.200828906263295,-0.809823184115641));
#2912=CARTESIAN_POINT('',(0.249999999999999,-0.0721212854380684,-0.776309114679226));
#2913=CARTESIAN_POINT('Origin',(0.37497114152371,0.179501771167394,-0.983518760652873));
#2914=CARTESIAN_POINT('',(0.37497114152371,-0.266922051909772,-0.910458939741624));
#2915=CARTESIAN_POINT('Origin',(0.37497114152371,-0.262656624890592,-0.875719824434177));
#2916=CARTESIAN_POINT('',(0.37497114152371,0.38021803896037,-0.98991775164178));
#2917=CARTESIAN_POINT('',(0.37497114152371,0.0952230162761646,-0.954924762921987));
#2918=CARTESIAN_POINT('',(0.37497114152371,0.372540270325846,-1.05244815919518));
#2919=CARTESIAN_POINT('',(0.37497114152371,0.375275635910753,-1.03017039426454));
#2920=CARTESIAN_POINT('',(0.37497114152371,-0.274599820544296,-0.972989347295027));
#2921=CARTESIAN_POINT('',(0.37497114152371,0.0875452476416403,-1.01745517047539));
#2922=CARTESIAN_POINT('Origin',(0.37497114152371,-0.262656624890592,-0.875719824434177));
#2923=CARTESIAN_POINT('Origin',(0.249999999999999,-0.371869343405146,-0.961046151641323));
#2924=CARTESIAN_POINT('',(0.249999999999999,-0.242432628743879,-0.0567833572503077));
#2925=CARTESIAN_POINT('Origin',(9.5,-0.262656624890593,-0.875719824434177));
#2926=CARTESIAN_POINT('',(9.5,-0.274599820544297,-0.972989347295027));
#2927=CARTESIAN_POINT('Origin',(6.6,0.0349999999999998,-0.975));
#2928=CARTESIAN_POINT('',(6.6625,0.0349999999999998,-1.01100342531618));
#2929=CARTESIAN_POINT('Origin',(6.6,0.0349999999999998,-1.01100342531618));
#2930=CARTESIAN_POINT('',(6.6625,0.0349999999999998,-0.947530306312269));
#2931=CARTESIAN_POINT('',(6.6625,0.0349999999999998,-0.975));
#2932=CARTESIAN_POINT('Origin',(6.6,0.0349999999999998,-0.947530306312269));
#2933=CARTESIAN_POINT('Origin',(18.,0.0349999999999998,-0.975));
#2934=CARTESIAN_POINT('',(18.0625,0.0349999999999998,-1.01100342531618));
#2935=CARTESIAN_POINT('Origin',(18.,0.0349999999999998,-1.01100342531618));
#2936=CARTESIAN_POINT('',(18.0625,0.0349999999999998,-0.947530306312268));
#2937=CARTESIAN_POINT('',(18.0625,0.0349999999999998,-0.975));
#2938=CARTESIAN_POINT('Origin',(18.,0.0349999999999998,-0.947530306312268));
#2939=CARTESIAN_POINT('Origin',(12.4,0.0349999999999998,-0.975));
#2940=CARTESIAN_POINT('',(12.4625,0.0349999999999998,-1.01100342531618));
#2941=CARTESIAN_POINT('Origin',(12.4,0.0349999999999998,-1.01100342531618));
#2942=CARTESIAN_POINT('',(12.4625,0.0349999999999998,-0.947530306312269));
#2943=CARTESIAN_POINT('',(12.4625,0.0349999999999998,-0.975));
#2944=CARTESIAN_POINT('Origin',(12.4,0.0349999999999998,-0.947530306312269));
#2945=CARTESIAN_POINT('Origin',(1.,0.0349999999999998,-0.975));
#2946=CARTESIAN_POINT('',(1.0625,0.0349999999999998,-1.01100342531618));
#2947=CARTESIAN_POINT('Origin',(1.,0.0349999999999998,-1.01100342531618));
#2948=CARTESIAN_POINT('',(1.0625,0.0349999999999998,-0.947530306312269));
#2949=CARTESIAN_POINT('',(1.0625,0.0349999999999998,-0.975));
#2950=CARTESIAN_POINT('Origin',(1.,0.0349999999999998,-0.947530306312269));
#2951=CARTESIAN_POINT('Origin',(6.6,10.275,-2.225));
#2952=CARTESIAN_POINT('',(6.6625,10.275,-2.225));
#2953=CARTESIAN_POINT('Origin',(18.,10.275,-2.225));
#2954=CARTESIAN_POINT('',(18.0625,10.275,-2.225));
#2955=CARTESIAN_POINT('Origin',(12.4,10.275,-2.225));
#2956=CARTESIAN_POINT('',(12.4625,10.275,-2.225));
#2957=CARTESIAN_POINT('Origin',(1.,10.275,-2.225));
#2958=CARTESIAN_POINT('',(1.0625,10.275,-2.225));
#2959=CARTESIAN_POINT('Origin',(16.4754498435015,10.625,-1.50030510419834));
#2960=CARTESIAN_POINT('',(16.4754498435015,10.687,-1.85030510419834));
#2961=CARTESIAN_POINT('',(16.4754498435015,10.625,-1.85030510419834));
#2962=CARTESIAN_POINT('Origin',(16.4754498435015,10.687,-1.50030510419834));
#2963=CARTESIAN_POINT('Origin',(16.9999997878638,10.625,-1.49999997747226));
#2964=CARTESIAN_POINT('',(16.9999997878638,10.687,-1.57499997747226));
#2965=CARTESIAN_POINT('',(16.9999997878638,10.625,-1.57499997747226));
#2966=CARTESIAN_POINT('Origin',(16.9999997878638,10.687,-1.49999997747226));
#2967=CARTESIAN_POINT('Origin',(15.9495616185846,10.625,-1.50045544109757));
#2968=CARTESIAN_POINT('',(15.9495616185846,10.687,-1.57545544109757));
#2969=CARTESIAN_POINT('',(15.9495616185846,10.625,-1.57545544109757));
#2970=CARTESIAN_POINT('Origin',(15.9495616185846,10.687,-1.50045544109757));
#2971=CARTESIAN_POINT('Origin',(2.84999990613442,10.625,-1.36699997559494));
#2972=CARTESIAN_POINT('',(2.84999990613442,10.687,-1.56699997559494));
#2973=CARTESIAN_POINT('',(2.84999990613442,10.625,-1.56699997559494));
#2974=CARTESIAN_POINT('Origin',(2.84999990613442,10.687,-1.36699997559494));
#2975=CARTESIAN_POINT('Origin',(4.84999987609743,10.625,-1.36699997559494));
#2976=CARTESIAN_POINT('',(4.84999987609743,10.687,-1.56699997559494));
#2977=CARTESIAN_POINT('',(4.84999987609743,10.625,-1.56699997559494));
#2978=CARTESIAN_POINT('Origin',(4.84999987609743,10.687,-1.36699997559494));
#2979=CARTESIAN_POINT('Origin',(3.84999989111592,10.625,-1.36699997559494));
#2980=CARTESIAN_POINT('',(3.84999989111592,10.687,-1.56699997559494));
#2981=CARTESIAN_POINT('',(3.84999989111592,10.625,-1.56699997559494));
#2982=CARTESIAN_POINT('Origin',(3.84999989111592,10.687,-1.36699997559494));
#2983=CARTESIAN_POINT('Origin',(1.84999992115291,10.625,-1.36699997559494));
#2984=CARTESIAN_POINT('',(1.84999992115291,10.687,-1.56699997559494));
#2985=CARTESIAN_POINT('',(1.84999992115291,10.625,-1.56699997559494));
#2986=CARTESIAN_POINT('Origin',(1.84999992115291,10.687,-1.36699997559494));
#2987=CARTESIAN_POINT('Origin',(9.5,-0.262656624890593,-0.875719824434177));
#2988=CARTESIAN_POINT('',(9.5,-0.266922051909772,-0.910458939741624));
#2989=CARTESIAN_POINT('Origin',(9.5,0.00105945528570023,-1.00683605043663));
#2990=CARTESIAN_POINT('',(0.249999999999999,0.372540270325846,-1.05244815919518));
#2991=CARTESIAN_POINT('Origin',(18.75,0.372540270325845,-1.05244815919518));
#2992=CARTESIAN_POINT('',(0.249999999999999,0.38021803896037,-0.98991775164178));
#2993=CARTESIAN_POINT('Origin',(9.5,0.00873722392022449,-0.944305642883222));
#2994=CARTESIAN_POINT('Origin',(9.5,-0.163296924073517,-0.0665));
#2995=CARTESIAN_POINT('',(0.25,-0.163296924073517,-0.0315));
#2996=CARTESIAN_POINT('Origin',(0.249999999999999,-0.163296924073516,-0.0665));
#2997=CARTESIAN_POINT('',(18.75,-0.163296924073518,-0.0315));
#2998=CARTESIAN_POINT('',(4.875,-0.163296924073517,-0.0315));
#2999=CARTESIAN_POINT('Origin',(18.75,-0.163296924073518,-0.0665));
#3000=CARTESIAN_POINT('Origin',(0.249999999999999,-0.260566446934366,-0.0545568043462957));
#3001=CARTESIAN_POINT('',(0.25,-0.163296924073517,0.0315));
#3002=CARTESIAN_POINT('Origin',(0.249999999999995,-0.163296924073516,-0.0665));
#3003=CARTESIAN_POINT('',(0.25,-0.163296924073517,0.01575));
#3004=CARTESIAN_POINT('Origin',(18.75,-0.198036039380964,-0.0622345729808198));
#3005=CARTESIAN_POINT('',(18.75,-0.163296924073518,0.0315));
#3006=CARTESIAN_POINT('',(18.75,-0.163296924073518,0.01575));
#3007=CARTESIAN_POINT('Origin',(18.75,-0.163296924073518,-0.0665));
#3008=CARTESIAN_POINT('Origin',(9.5,-0.163296924073517,-0.0665));
#3009=CARTESIAN_POINT('',(4.875,-0.163296924073517,0.0315));
#3010=CARTESIAN_POINT('Origin',(18.75,-0.249999999999999,0.));
#3011=CARTESIAN_POINT('',(18.75,10.652,-0.0315));
#3012=CARTESIAN_POINT('',(18.75,13.,-0.0315));
#3013=CARTESIAN_POINT('',(18.75,10.652,0.0315));
#3014=CARTESIAN_POINT('',(18.75,10.652,0.01575));
#3015=CARTESIAN_POINT('',(18.75,13.,0.0315));
#3016=CARTESIAN_POINT('Origin',(9.5,5.25,-0.0315));
#3017=CARTESIAN_POINT('',(0.249999999999999,10.652,-0.0315));
#3018=CARTESIAN_POINT('',(0.25,13.,-0.0315));
#3019=CARTESIAN_POINT('',(14.125,10.652,-0.0315));
#3020=CARTESIAN_POINT('',(14.35,6.75,-0.0315));
#3021=CARTESIAN_POINT('Origin',(14.6,6.75,-0.0315));
#3022=CARTESIAN_POINT('',(4.15,3.75,-0.0315));
#3023=CARTESIAN_POINT('Origin',(4.4,3.75,-0.0315));
#3024=CARTESIAN_POINT('',(14.5,7.5,-0.0315));
#3025=CARTESIAN_POINT('Origin',(14.6,7.5,-0.0315));
#3026=CARTESIAN_POINT('',(14.35,9.75,-0.0315));
#3027=CARTESIAN_POINT('Origin',(14.6,9.75,-0.0315));
#3028=CARTESIAN_POINT('',(7.7,4.5,-0.0315));
#3029=CARTESIAN_POINT('Origin',(7.8,4.5,-0.0315));
#3030=CARTESIAN_POINT('',(4.3,4.5,-0.0315));
#3031=CARTESIAN_POINT('Origin',(4.4,4.5,-0.0315));
#3032=CARTESIAN_POINT('',(16.2,9.75,-0.0315));
#3033=CARTESIAN_POINT('Origin',(16.3,9.75,-0.0315));
#3034=CARTESIAN_POINT('',(4.15,6.75,-0.0315));
#3035=CARTESIAN_POINT('Origin',(4.4,6.75,-0.0315));
#3036=CARTESIAN_POINT('',(17.9,1.5,-0.0315));
#3037=CARTESIAN_POINT('Origin',(18.,1.5,-0.0315));
#3038=CARTESIAN_POINT('',(17.9,4.5,-0.0315));
#3039=CARTESIAN_POINT('Origin',(18.,4.5,-0.0315));
#3040=CARTESIAN_POINT('',(17.75,3.75,-0.0315));
#3041=CARTESIAN_POINT('Origin',(18.,3.75,-0.0315));
#3042=CARTESIAN_POINT('',(4.3,7.5,-0.0315));
#3043=CARTESIAN_POINT('Origin',(4.4,7.5,-0.0315));
#3044=CARTESIAN_POINT('',(4.15,9.75,-0.0315));
#3045=CARTESIAN_POINT('Origin',(4.4,9.75,-0.0315));
#3046=CARTESIAN_POINT('',(7.55,0.75,-0.0315));
#3047=CARTESIAN_POINT('Origin',(7.8,0.75,-0.0315));
#3048=CARTESIAN_POINT('',(17.75,0.75,-0.0315));
#3049=CARTESIAN_POINT('Origin',(18.,0.75,-0.0315));
#3050=CARTESIAN_POINT('',(7.7,1.5,-0.0315));
#3051=CARTESIAN_POINT('Origin',(7.8,1.5,-0.0315));
#3052=CARTESIAN_POINT('',(17.75,6.75,-0.0315));
#3053=CARTESIAN_POINT('Origin',(18.,6.75,-0.0315));
#3054=CARTESIAN_POINT('',(7.55,3.75,-0.0315));
#3055=CARTESIAN_POINT('Origin',(7.8,3.75,-0.0315));
#3056=CARTESIAN_POINT('',(14.5,4.5,-0.0315));
#3057=CARTESIAN_POINT('Origin',(14.6,4.5,-0.0315));
#3058=CARTESIAN_POINT('',(14.35,3.75,-0.0315));
#3059=CARTESIAN_POINT('Origin',(14.6,3.75,-0.0315));
#3060=CARTESIAN_POINT('',(14.5,1.5,-0.0315));
#3061=CARTESIAN_POINT('Origin',(14.6,1.5,-0.0315));
#3062=CARTESIAN_POINT('',(11.1,1.5,-0.0315));
#3063=CARTESIAN_POINT('Origin',(11.2,1.5,-0.0315));
#3064=CARTESIAN_POINT('',(10.95,0.75,-0.0315));
#3065=CARTESIAN_POINT('Origin',(11.2,0.75,-0.0315));
#3066=CARTESIAN_POINT('',(11.1,4.5,-0.0315));
#3067=CARTESIAN_POINT('Origin',(11.2,4.5,-0.0315));
#3068=CARTESIAN_POINT('',(10.95,6.75,-0.0315));
#3069=CARTESIAN_POINT('Origin',(11.2,6.75,-0.0315));
#3070=CARTESIAN_POINT('',(14.35,0.75,-0.0315));
#3071=CARTESIAN_POINT('Origin',(14.6,0.75,-0.0315));
#3072=CARTESIAN_POINT('',(11.1,7.5,-0.0315));
#3073=CARTESIAN_POINT('Origin',(11.2,7.5,-0.0315));
#3074=CARTESIAN_POINT('',(10.95,3.75,-0.0315));
#3075=CARTESIAN_POINT('Origin',(11.2,3.75,-0.0315));
#3076=CARTESIAN_POINT('',(7.7,7.5,-0.0315));
#3077=CARTESIAN_POINT('Origin',(7.8,7.5,-0.0315));
#3078=CARTESIAN_POINT('',(17.75,9.75,-0.0315));
#3079=CARTESIAN_POINT('Origin',(18.,9.75,-0.0315));
#3080=CARTESIAN_POINT('',(7.55,6.75,-0.0315));
#3081=CARTESIAN_POINT('Origin',(7.8,6.75,-0.0315));
#3082=CARTESIAN_POINT('',(17.9,7.5,-0.0315));
#3083=CARTESIAN_POINT('Origin',(18.,7.5,-0.0315));
#3084=CARTESIAN_POINT('',(4.15,0.75,-0.0315));
#3085=CARTESIAN_POINT('Origin',(4.4,0.75,-0.0315));
#3086=CARTESIAN_POINT('',(0.75,6.75,-0.0315));
#3087=CARTESIAN_POINT('Origin',(1.,6.75,-0.0315));
#3088=CARTESIAN_POINT('',(0.75,3.75,-0.0315));
#3089=CARTESIAN_POINT('Origin',(1.,3.75,-0.0315));
#3090=CARTESIAN_POINT('',(0.9,1.5,-0.0315));
#3091=CARTESIAN_POINT('Origin',(1.,1.5,-0.0315));
#3092=CARTESIAN_POINT('',(0.75,9.75,-0.0315));
#3093=CARTESIAN_POINT('Origin',(1.,9.75,-0.0315));
#3094=CARTESIAN_POINT('',(0.75,0.75,-0.0315));
#3095=CARTESIAN_POINT('Origin',(1.,0.75,-0.0315));
#3096=CARTESIAN_POINT('',(0.9,4.5,-0.0315));
#3097=CARTESIAN_POINT('Origin',(1.,4.5,-0.0315));
#3098=CARTESIAN_POINT('',(0.9,7.5,-0.0315));
#3099=CARTESIAN_POINT('Origin',(1.,7.5,-0.0315));
#3100=CARTESIAN_POINT('',(4.3,1.5,-0.0315));
#3101=CARTESIAN_POINT('Origin',(4.4,1.5,-0.0315));
#3102=CARTESIAN_POINT('Origin',(9.5,10.6519999999999,-2.23273115013655));
#3103=CARTESIAN_POINT('',(4.875,10.6869999999999,-2.23273115013655));
#3104=CARTESIAN_POINT('Origin',(18.75,10.7499999999999,-2.3435));
#3105=CARTESIAN_POINT('',(18.75,10.687,-0.0665000000000001));
#3106=CARTESIAN_POINT('',(18.75,10.73173,-0.0665000000000001));
#3107=CARTESIAN_POINT('',(18.75,10.687,-0.0665000000000001));
#3108=CARTESIAN_POINT('Origin',(9.5,10.652,-0.0665));
#3109=CARTESIAN_POINT('',(0.249999999999996,10.687,-0.0665000000000001));
#3110=CARTESIAN_POINT('',(9.5,10.687,-0.0664999999999987));
#3111=CARTESIAN_POINT('Origin',(18.75,10.652,-0.0665));
#3112=CARTESIAN_POINT('Origin',(0.249999999999996,10.652,-0.0665));
#3113=CARTESIAN_POINT('Origin',(0.249999999999996,10.75,0.030041142244811));
#3114=CARTESIAN_POINT('',(0.249999999999996,10.687,0.126582284489628));
#3115=CARTESIAN_POINT('',(0.249999999999996,10.73173,-0.0665000000000029));
#3116=CARTESIAN_POINT('Origin',(18.75,10.75,-0.0665000000000023));
#3117=CARTESIAN_POINT('Origin',(18.75,10.652,-0.0665));
#3118=CARTESIAN_POINT('Origin',(0.249999999999996,10.687,-0.0665000000000008));
#3119=CARTESIAN_POINT('',(0.25,10.652,0.0315));
#3120=CARTESIAN_POINT('',(0.250000000000001,10.652,0.01575));
#3121=CARTESIAN_POINT('Origin',(0.249999999999996,10.652,-0.0665));
#3122=CARTESIAN_POINT('Origin',(9.5,10.652,-0.0665));
#3123=CARTESIAN_POINT('',(14.125,10.652,0.0315));
#3124=CARTESIAN_POINT('Origin',(9.5,10.687,-1.15672942887759));
#3125=CARTESIAN_POINT('Origin',(0.25,10.75,0.));
#3126=CARTESIAN_POINT('',(0.25,13.,0.0315));
#3127=CARTESIAN_POINT('Origin',(14.6,6.75,0.));
#3128=CARTESIAN_POINT('',(14.35,6.75,0.0315));
#3129=CARTESIAN_POINT('Origin',(14.6,6.75,0.0315));
#3130=CARTESIAN_POINT('',(14.35,6.75,0.));
#3131=CARTESIAN_POINT('Origin',(4.4,3.75,0.));
#3132=CARTESIAN_POINT('',(4.15,3.75,0.0315));
#3133=CARTESIAN_POINT('Origin',(4.4,3.75,0.0315));
#3134=CARTESIAN_POINT('',(4.15,3.75,0.));
#3135=CARTESIAN_POINT('Origin',(14.6,7.5,0.));
#3136=CARTESIAN_POINT('',(14.5,7.5,0.0315));
#3137=CARTESIAN_POINT('Origin',(14.6,7.5,0.0315));
#3138=CARTESIAN_POINT('',(14.5,7.5,0.));
#3139=CARTESIAN_POINT('Origin',(14.6,9.75,0.));
#3140=CARTESIAN_POINT('',(14.35,9.75,0.0315));
#3141=CARTESIAN_POINT('Origin',(14.6,9.75,0.0315));
#3142=CARTESIAN_POINT('',(14.35,9.75,0.));
#3143=CARTESIAN_POINT('Origin',(7.8,4.5,0.));
#3144=CARTESIAN_POINT('',(7.7,4.5,0.0315));
#3145=CARTESIAN_POINT('Origin',(7.8,4.5,0.0315));
#3146=CARTESIAN_POINT('',(7.7,4.5,0.));
#3147=CARTESIAN_POINT('Origin',(4.4,4.5,0.));
#3148=CARTESIAN_POINT('',(4.3,4.5,0.0315));
#3149=CARTESIAN_POINT('Origin',(4.4,4.5,0.0315));
#3150=CARTESIAN_POINT('',(4.3,4.5,0.));
#3151=CARTESIAN_POINT('Origin',(16.3,9.75,0.));
#3152=CARTESIAN_POINT('',(16.2,9.75,0.0315));
#3153=CARTESIAN_POINT('Origin',(16.3,9.75,0.0315));
#3154=CARTESIAN_POINT('',(16.2,9.75,0.));
#3155=CARTESIAN_POINT('Origin',(4.4,6.75,0.));
#3156=CARTESIAN_POINT('',(4.15,6.75,0.0315));
#3157=CARTESIAN_POINT('Origin',(4.4,6.75,0.0315));
#3158=CARTESIAN_POINT('',(4.15,6.75,0.));
#3159=CARTESIAN_POINT('Origin',(18.,1.5,0.));
#3160=CARTESIAN_POINT('',(17.9,1.5,0.0315));
#3161=CARTESIAN_POINT('Origin',(18.,1.5,0.0315));
#3162=CARTESIAN_POINT('',(17.9,1.5,0.));
#3163=CARTESIAN_POINT('Origin',(18.,4.5,0.));
#3164=CARTESIAN_POINT('',(17.9,4.5,0.0315));
#3165=CARTESIAN_POINT('Origin',(18.,4.5,0.0315));
#3166=CARTESIAN_POINT('',(17.9,4.5,0.));
#3167=CARTESIAN_POINT('Origin',(18.,3.75,0.));
#3168=CARTESIAN_POINT('',(17.75,3.75,0.0315));
#3169=CARTESIAN_POINT('Origin',(18.,3.75,0.0315));
#3170=CARTESIAN_POINT('',(17.75,3.75,0.));
#3171=CARTESIAN_POINT('Origin',(4.4,7.5,0.));
#3172=CARTESIAN_POINT('',(4.3,7.5,0.0315));
#3173=CARTESIAN_POINT('Origin',(4.4,7.5,0.0315));
#3174=CARTESIAN_POINT('',(4.3,7.5,0.));
#3175=CARTESIAN_POINT('Origin',(4.4,9.75,0.));
#3176=CARTESIAN_POINT('',(4.15,9.75,0.0315));
#3177=CARTESIAN_POINT('Origin',(4.4,9.75,0.0315));
#3178=CARTESIAN_POINT('',(4.15,9.75,0.));
#3179=CARTESIAN_POINT('Origin',(7.8,0.75,0.));
#3180=CARTESIAN_POINT('',(7.55,0.75,0.0315));
#3181=CARTESIAN_POINT('Origin',(7.8,0.75,0.0315));
#3182=CARTESIAN_POINT('',(7.55,0.75,0.));
#3183=CARTESIAN_POINT('Origin',(18.,0.75,0.));
#3184=CARTESIAN_POINT('',(17.75,0.75,0.0315));
#3185=CARTESIAN_POINT('Origin',(18.,0.75,0.0315));
#3186=CARTESIAN_POINT('',(17.75,0.75,0.));
#3187=CARTESIAN_POINT('Origin',(7.8,1.5,0.));
#3188=CARTESIAN_POINT('',(7.7,1.5,0.0315));
#3189=CARTESIAN_POINT('Origin',(7.8,1.5,0.0315));
#3190=CARTESIAN_POINT('',(7.7,1.5,0.));
#3191=CARTESIAN_POINT('Origin',(18.,6.75,0.));
#3192=CARTESIAN_POINT('',(17.75,6.75,0.0315));
#3193=CARTESIAN_POINT('Origin',(18.,6.75,0.0315));
#3194=CARTESIAN_POINT('',(17.75,6.75,0.));
#3195=CARTESIAN_POINT('Origin',(7.8,3.75,0.));
#3196=CARTESIAN_POINT('',(7.55,3.75,0.0315));
#3197=CARTESIAN_POINT('Origin',(7.8,3.75,0.0315));
#3198=CARTESIAN_POINT('',(7.55,3.75,0.));
#3199=CARTESIAN_POINT('Origin',(14.6,4.5,0.));
#3200=CARTESIAN_POINT('',(14.5,4.5,0.0315));
#3201=CARTESIAN_POINT('Origin',(14.6,4.5,0.0315));
#3202=CARTESIAN_POINT('',(14.5,4.5,0.));
#3203=CARTESIAN_POINT('Origin',(14.6,3.75,0.));
#3204=CARTESIAN_POINT('',(14.35,3.75,0.0315));
#3205=CARTESIAN_POINT('Origin',(14.6,3.75,0.0315));
#3206=CARTESIAN_POINT('',(14.35,3.75,0.));
#3207=CARTESIAN_POINT('Origin',(14.6,1.5,0.));
#3208=CARTESIAN_POINT('',(14.5,1.5,0.0315));
#3209=CARTESIAN_POINT('Origin',(14.6,1.5,0.0315));
#3210=CARTESIAN_POINT('',(14.5,1.5,0.));
#3211=CARTESIAN_POINT('Origin',(11.2,1.5,0.));
#3212=CARTESIAN_POINT('',(11.1,1.5,0.0315));
#3213=CARTESIAN_POINT('Origin',(11.2,1.5,0.0315));
#3214=CARTESIAN_POINT('',(11.1,1.5,0.));
#3215=CARTESIAN_POINT('Origin',(11.2,0.75,0.));
#3216=CARTESIAN_POINT('',(10.95,0.75,0.0315));
#3217=CARTESIAN_POINT('Origin',(11.2,0.75,0.0315));
#3218=CARTESIAN_POINT('',(10.95,0.75,0.));
#3219=CARTESIAN_POINT('Origin',(11.2,4.5,0.));
#3220=CARTESIAN_POINT('',(11.1,4.5,0.0315));
#3221=CARTESIAN_POINT('Origin',(11.2,4.5,0.0315));
#3222=CARTESIAN_POINT('',(11.1,4.5,0.));
#3223=CARTESIAN_POINT('Origin',(11.2,6.75,0.));
#3224=CARTESIAN_POINT('',(10.95,6.75,0.0315));
#3225=CARTESIAN_POINT('Origin',(11.2,6.75,0.0315));
#3226=CARTESIAN_POINT('',(10.95,6.75,0.));
#3227=CARTESIAN_POINT('Origin',(14.6,0.75,0.));
#3228=CARTESIAN_POINT('',(14.35,0.75,0.0315));
#3229=CARTESIAN_POINT('Origin',(14.6,0.75,0.0315));
#3230=CARTESIAN_POINT('',(14.35,0.75,0.));
#3231=CARTESIAN_POINT('Origin',(11.2,7.5,0.));
#3232=CARTESIAN_POINT('',(11.1,7.5,0.0315));
#3233=CARTESIAN_POINT('Origin',(11.2,7.5,0.0315));
#3234=CARTESIAN_POINT('',(11.1,7.5,0.));
#3235=CARTESIAN_POINT('Origin',(11.2,3.75,0.));
#3236=CARTESIAN_POINT('',(10.95,3.75,0.0315));
#3237=CARTESIAN_POINT('Origin',(11.2,3.75,0.0315));
#3238=CARTESIAN_POINT('',(10.95,3.75,0.));
#3239=CARTESIAN_POINT('Origin',(7.8,7.5,0.));
#3240=CARTESIAN_POINT('',(7.7,7.5,0.0315));
#3241=CARTESIAN_POINT('Origin',(7.8,7.5,0.0315));
#3242=CARTESIAN_POINT('',(7.7,7.5,0.));
#3243=CARTESIAN_POINT('Origin',(18.,9.75,0.));
#3244=CARTESIAN_POINT('',(17.75,9.75,0.0315));
#3245=CARTESIAN_POINT('Origin',(18.,9.75,0.0315));
#3246=CARTESIAN_POINT('',(17.75,9.75,0.));
#3247=CARTESIAN_POINT('Origin',(7.8,6.75,0.));
#3248=CARTESIAN_POINT('',(7.55,6.75,0.0315));
#3249=CARTESIAN_POINT('Origin',(7.8,6.75,0.0315));
#3250=CARTESIAN_POINT('',(7.55,6.75,0.));
#3251=CARTESIAN_POINT('Origin',(18.,7.5,0.));
#3252=CARTESIAN_POINT('',(17.9,7.5,0.0315));
#3253=CARTESIAN_POINT('Origin',(18.,7.5,0.0315));
#3254=CARTESIAN_POINT('',(17.9,7.5,0.));
#3255=CARTESIAN_POINT('Origin',(4.4,0.75,0.));
#3256=CARTESIAN_POINT('',(4.15,0.75,0.0315));
#3257=CARTESIAN_POINT('Origin',(4.4,0.75,0.0315));
#3258=CARTESIAN_POINT('',(4.15,0.75,0.));
#3259=CARTESIAN_POINT('Origin',(1.,6.75,0.));
#3260=CARTESIAN_POINT('',(0.75,6.75,0.0315));
#3261=CARTESIAN_POINT('Origin',(1.,6.75,0.0315));
#3262=CARTESIAN_POINT('',(0.75,6.75,0.));
#3263=CARTESIAN_POINT('Origin',(1.,3.75,0.));
#3264=CARTESIAN_POINT('',(0.75,3.75,0.0315));
#3265=CARTESIAN_POINT('Origin',(1.,3.75,0.0315));
#3266=CARTESIAN_POINT('',(0.75,3.75,0.));
#3267=CARTESIAN_POINT('Origin',(1.,1.5,0.));
#3268=CARTESIAN_POINT('',(0.9,1.5,0.0315));
#3269=CARTESIAN_POINT('Origin',(1.,1.5,0.0315));
#3270=CARTESIAN_POINT('',(0.9,1.5,0.));
#3271=CARTESIAN_POINT('Origin',(1.,9.75,0.));
#3272=CARTESIAN_POINT('',(0.75,9.75,0.0315));
#3273=CARTESIAN_POINT('Origin',(1.,9.75,0.0315));
#3274=CARTESIAN_POINT('',(0.75,9.75,0.));
#3275=CARTESIAN_POINT('Origin',(1.,0.75,0.));
#3276=CARTESIAN_POINT('',(0.75,0.75,0.0315));
#3277=CARTESIAN_POINT('Origin',(1.,0.75,0.0315));
#3278=CARTESIAN_POINT('',(0.75,0.75,0.));
#3279=CARTESIAN_POINT('Origin',(1.,4.5,0.));
#3280=CARTESIAN_POINT('',(0.9,4.5,0.0315));
#3281=CARTESIAN_POINT('Origin',(1.,4.5,0.0315));
#3282=CARTESIAN_POINT('',(0.9,4.5,0.));
#3283=CARTESIAN_POINT('Origin',(1.,7.5,0.));
#3284=CARTESIAN_POINT('',(0.9,7.5,0.0315));
#3285=CARTESIAN_POINT('Origin',(1.,7.5,0.0315));
#3286=CARTESIAN_POINT('',(0.9,7.5,0.));
#3287=CARTESIAN_POINT('Origin',(4.4,1.5,0.));
#3288=CARTESIAN_POINT('',(4.3,1.5,0.0315));
#3289=CARTESIAN_POINT('Origin',(4.4,1.5,0.0315));
#3290=CARTESIAN_POINT('',(4.3,1.5,0.));
#3291=CARTESIAN_POINT('Origin',(9.5,5.25,0.0315));
#3292=UNCERTAINTY_MEASURE_WITH_UNIT(LENGTH_MEASURE(0.000393700787401575),
#3297,'DISTANCE_ACCURACY_VALUE',
'Maximum model space distance between geometric entities at asserted c
onnectivities');
#3293=UNCERTAINTY_MEASURE_WITH_UNIT(LENGTH_MEASURE(0.000393700787401575),
#3297,'DISTANCE_ACCURACY_VALUE',
'Maximum model space distance between geometric entities at asserted c
onnectivities');
#3294=(
GEOMETRIC_REPRESENTATION_CONTEXT(3)
GLOBAL_UNCERTAINTY_ASSIGNED_CONTEXT((#3292))
GLOBAL_UNIT_ASSIGNED_CONTEXT((#3297,#3301,#3302))
REPRESENTATION_CONTEXT('','3D')
);
#3295=(
GEOMETRIC_REPRESENTATION_CONTEXT(3)
GLOBAL_UNCERTAINTY_ASSIGNED_CONTEXT((#3293))
GLOBAL_UNIT_ASSIGNED_CONTEXT((#3297,#3301,#3302))
REPRESENTATION_CONTEXT('','3D')
);
#3296=DIMENSIONAL_EXPONENTS(1.,0.,0.,0.,0.,0.,0.);
#3297=(
CONVERSION_BASED_UNIT('inch',#3300)
LENGTH_UNIT()
NAMED_UNIT(#3296)
);
#3298=(
LENGTH_UNIT()
NAMED_UNIT(*)
SI_UNIT(.MILLI.,.METRE.)
);
#3299=(
LENGTH_UNIT()
NAMED_UNIT(*)
SI_UNIT($,.METRE.)
);
#3300=LENGTH_MEASURE_WITH_UNIT(LENGTH_MEASURE(25.4),#3298);
#3301=(
NAMED_UNIT(*)
PLANE_ANGLE_UNIT()
SI_UNIT($,.RADIAN.)
);
#3302=(
NAMED_UNIT(*)
SI_UNIT($,.STERADIAN.)
SOLID_ANGLE_UNIT()
);
#3303=SHAPE_DEFINITION_REPRESENTATION(#3304,#3305);
#3304=PRODUCT_DEFINITION_SHAPE('',$,#3307);
#3305=SHAPE_REPRESENTATION('',(#1968),#3294);
#3306=PRODUCT_DEFINITION_CONTEXT('part definition',#3311,'design');
#3307=PRODUCT_DEFINITION('2025-11-27-15-56-52-531','mtroll top h',#3308,
#3306);
#3308=PRODUCT_DEFINITION_FORMATION('',$,#3313);
#3309=PRODUCT_RELATED_PRODUCT_CATEGORY('mtroll top h','mtroll top h',(#3313));
#3310=APPLICATION_PROTOCOL_DEFINITION('international standard',
'automotive_design',2009,#3311);
#3311=APPLICATION_CONTEXT(
'Core Data for Automotive Mechanical Design Process');
#3312=PRODUCT_CONTEXT('part definition',#3311,'mechanical');
#3313=PRODUCT('2025-11-27-15-56-52-531','mtroll top h',$,(#3312));
#3314=PRESENTATION_STYLE_ASSIGNMENT((#3315));
#3315=SURFACE_STYLE_USAGE(.BOTH.,#3316);
#3316=SURFACE_SIDE_STYLE('',(#3317));
#3317=SURFACE_STYLE_FILL_AREA(#3318);
#3318=FILL_AREA_STYLE('Steel - Satin',(#3319));
#3319=FILL_AREA_STYLE_COLOUR('Steel - Satin',#3320);
#3320=COLOUR_RGB('Steel - Satin',0.627450980392157,0.627450980392157,0.627450980392157);
ENDSEC;
END-ISO-10303-21;
