ISO-10303-21;
HEADER;
/* Generated by software containing ST-Developer
 * from STEP Tools, Inc. (www.steptools.com) 
 */

FILE_DESCRIPTION(
/* description */ (''),
/* implementation_level */ '2;1');

FILE_NAME(
/* name */ 'mtroll bottom.step',
/* time_stamp */ '2025-12-08T21:35:47-05:00',
/* author */ (''),
/* organization */ (''),
/* preprocessor_version */ 'ST-DEVELOPER v20.1',
/* originating_system */ 'Autodesk Translation Framework v14.21.0.0',
/* authorisation */ '');

FILE_SCHEMA (('AP203_CONFIGURATION_CONTROLLED_3D_DESIGN_OF_MECHANICAL_PARTS_AND_ASSEMBLIES_MIM_LF { 1 0 10303 203 3 1 4 }',
'AUTOMOTIVE_DESIGN { 1 0 10303 214 3 1 1 }','MODEL_BASED_INTEGRATED_MANUFACTURING_SCHEMA',
'AP242_MANAGED_MODEL_BASED_3D_ENGINEERING_MIM_LF { 1 0 10303 442 3 1 4 }'));
ENDSEC;

DATA;
#10=MECHANICAL_DESIGN_GEOMETRIC_PRESENTATION_REPRESENTATION('',(#13),#2193);
#11=SHAPE_REPRESENTATION_RELATIONSHIP('SRR','None',#2202,#12);
#12=ADVANCED_BREP_SHAPE_REPRESENTATION('',(#14),#2192);
#13=STYLED_ITEM('',(#2211),#14);
#14=MANIFOLD_SOLID_BREP('Body4',#1353);
#15=CIRCLE('',#1390,0.0624999999999991);
#16=CIRCLE('',#1391,0.0624999999999991);
#17=CIRCLE('',#1393,0.0625);
#18=CIRCLE('',#1394,0.0625);
#19=CIRCLE('',#1396,0.0625);
#20=CIRCLE('',#1397,0.0625);
#21=CIRCLE('',#1399,0.0624999999999991);
#22=CIRCLE('',#1400,0.0624999999999991);
#23=CIRCLE('',#1402,0.0625);
#24=CIRCLE('',#1403,0.0625);
#25=CIRCLE('',#1405,0.0625);
#26=CIRCLE('',#1406,0.0625);
#27=CIRCLE('',#1408,0.0625);
#28=CIRCLE('',#1409,0.0625);
#29=CIRCLE('',#1411,0.0625);
#30=CIRCLE('',#1412,0.0625);
#31=CIRCLE('',#1414,0.0625);
#32=CIRCLE('',#1415,0.0625);
#33=CIRCLE('',#1417,0.0625);
#34=CIRCLE('',#1418,0.0625);
#35=CIRCLE('',#1420,0.0625);
#36=CIRCLE('',#1421,0.0625);
#37=CIRCLE('',#1423,0.0625);
#38=CIRCLE('',#1424,0.0625);
#39=CIRCLE('',#1427,0.0350000000000009);
#40=CIRCLE('',#1428,0.0350000000000009);
#41=CIRCLE('',#1430,0.0980000000000009);
#42=CIRCLE('',#1432,0.0980000000000021);
#43=CIRCLE('',#1435,0.0625);
#44=CIRCLE('',#1436,0.0625);
#45=CIRCLE('',#1437,0.0625);
#46=CIRCLE('',#1438,0.0625);
#47=CIRCLE('',#1441,0.0625);
#48=CIRCLE('',#1442,0.0625);
#49=CIRCLE('',#1443,0.0625);
#50=CIRCLE('',#1444,0.0625);
#51=CIRCLE('',#1446,0.035);
#52=CIRCLE('',#1447,0.035);
#53=CIRCLE('',#1449,0.098);
#54=CIRCLE('',#1451,0.098);
#55=CYLINDRICAL_SURFACE('',#1389,0.0624999999999991);
#56=CYLINDRICAL_SURFACE('',#1392,0.0625);
#57=CYLINDRICAL_SURFACE('',#1395,0.0625);
#58=CYLINDRICAL_SURFACE('',#1398,0.0624999999999991);
#59=CYLINDRICAL_SURFACE('',#1401,0.0625);
#60=CYLINDRICAL_SURFACE('',#1404,0.0625);
#61=CYLINDRICAL_SURFACE('',#1407,0.0625);
#62=CYLINDRICAL_SURFACE('',#1410,0.0625);
#63=CYLINDRICAL_SURFACE('',#1413,0.0625);
#64=CYLINDRICAL_SURFACE('',#1416,0.0625);
#65=CYLINDRICAL_SURFACE('',#1419,0.0625);
#66=CYLINDRICAL_SURFACE('',#1422,0.0625);
#67=CYLINDRICAL_SURFACE('',#1426,0.0350000000000017);
#68=CYLINDRICAL_SURFACE('',#1433,0.0980000000000022);
#69=CYLINDRICAL_SURFACE('',#1445,0.035);
#70=CYLINDRICAL_SURFACE('',#1452,0.098);
#71=CYLINDRICAL_SURFACE('',#1453,0.0625);
#72=CYLINDRICAL_SURFACE('',#1454,0.0625);
#73=CYLINDRICAL_SURFACE('',#1455,0.0625);
#74=CYLINDRICAL_SURFACE('',#1456,0.0625);
#75=FACE_BOUND('',#187,.T.);
#76=FACE_BOUND('',#188,.T.);
#77=FACE_BOUND('',#201,.T.);
#78=FACE_BOUND('',#202,.T.);
#79=FACE_BOUND('',#207,.T.);
#80=FACE_BOUND('',#208,.T.);
#81=FACE_BOUND('',#241,.T.);
#82=FACE_BOUND('',#242,.T.);
#83=FACE_BOUND('',#243,.T.);
#84=FACE_BOUND('',#244,.T.);
#85=FACE_BOUND('',#245,.T.);
#86=FACE_BOUND('',#246,.T.);
#87=FACE_BOUND('',#247,.T.);
#88=FACE_BOUND('',#248,.T.);
#89=FACE_BOUND('',#249,.T.);
#90=FACE_BOUND('',#250,.T.);
#91=FACE_BOUND('',#251,.T.);
#92=FACE_BOUND('',#252,.T.);
#93=FACE_BOUND('',#253,.T.);
#94=FACE_BOUND('',#254,.T.);
#95=FACE_BOUND('',#255,.T.);
#96=FACE_BOUND('',#256,.T.);
#97=FACE_BOUND('',#259,.T.);
#98=FACE_BOUND('',#260,.T.);
#99=FACE_BOUND('',#261,.T.);
#100=FACE_BOUND('',#262,.T.);
#101=FACE_BOUND('',#263,.T.);
#102=FACE_BOUND('',#264,.T.);
#103=FACE_BOUND('',#265,.T.);
#104=FACE_BOUND('',#266,.T.);
#105=FACE_BOUND('',#267,.T.);
#106=FACE_BOUND('',#268,.T.);
#107=FACE_BOUND('',#269,.T.);
#108=FACE_BOUND('',#270,.T.);
#109=FACE_BOUND('',#271,.T.);
#110=FACE_BOUND('',#272,.T.);
#111=FACE_BOUND('',#273,.T.);
#112=FACE_BOUND('',#274,.T.);
#113=FACE_BOUND('',#287,.T.);
#114=FACE_BOUND('',#288,.T.);
#115=FACE_OUTER_BOUND('',#183,.T.);
#116=FACE_OUTER_BOUND('',#184,.T.);
#117=FACE_OUTER_BOUND('',#185,.T.);
#118=FACE_OUTER_BOUND('',#186,.T.);
#119=FACE_OUTER_BOUND('',#189,.T.);
#120=FACE_OUTER_BOUND('',#190,.T.);
#121=FACE_OUTER_BOUND('',#191,.T.);
#122=FACE_OUTER_BOUND('',#192,.T.);
#123=FACE_OUTER_BOUND('',#193,.T.);
#124=FACE_OUTER_BOUND('',#194,.T.);
#125=FACE_OUTER_BOUND('',#195,.T.);
#126=FACE_OUTER_BOUND('',#196,.T.);
#127=FACE_OUTER_BOUND('',#197,.T.);
#128=FACE_OUTER_BOUND('',#198,.T.);
#129=FACE_OUTER_BOUND('',#199,.T.);
#130=FACE_OUTER_BOUND('',#200,.T.);
#131=FACE_OUTER_BOUND('',#203,.T.);
#132=FACE_OUTER_BOUND('',#204,.T.);
#133=FACE_OUTER_BOUND('',#205,.T.);
#134=FACE_OUTER_BOUND('',#206,.T.);
#135=FACE_OUTER_BOUND('',#209,.T.);
#136=FACE_OUTER_BOUND('',#210,.T.);
#137=FACE_OUTER_BOUND('',#211,.T.);
#138=FACE_OUTER_BOUND('',#212,.T.);
#139=FACE_OUTER_BOUND('',#213,.T.);
#140=FACE_OUTER_BOUND('',#214,.T.);
#141=FACE_OUTER_BOUND('',#215,.T.);
#142=FACE_OUTER_BOUND('',#216,.T.);
#143=FACE_OUTER_BOUND('',#217,.T.);
#144=FACE_OUTER_BOUND('',#218,.T.);
#145=FACE_OUTER_BOUND('',#219,.T.);
#146=FACE_OUTER_BOUND('',#220,.T.);
#147=FACE_OUTER_BOUND('',#221,.T.);
#148=FACE_OUTER_BOUND('',#222,.T.);
#149=FACE_OUTER_BOUND('',#223,.T.);
#150=FACE_OUTER_BOUND('',#224,.T.);
#151=FACE_OUTER_BOUND('',#225,.T.);
#152=FACE_OUTER_BOUND('',#226,.T.);
#153=FACE_OUTER_BOUND('',#227,.T.);
#154=FACE_OUTER_BOUND('',#228,.T.);
#155=FACE_OUTER_BOUND('',#229,.T.);
#156=FACE_OUTER_BOUND('',#230,.T.);
#157=FACE_OUTER_BOUND('',#231,.T.);
#158=FACE_OUTER_BOUND('',#232,.T.);
#159=FACE_OUTER_BOUND('',#233,.T.);
#160=FACE_OUTER_BOUND('',#234,.T.);
#161=FACE_OUTER_BOUND('',#235,.T.);
#162=FACE_OUTER_BOUND('',#236,.T.);
#163=FACE_OUTER_BOUND('',#237,.T.);
#164=FACE_OUTER_BOUND('',#238,.T.);
#165=FACE_OUTER_BOUND('',#239,.T.);
#166=FACE_OUTER_BOUND('',#240,.T.);
#167=FACE_OUTER_BOUND('',#257,.T.);
#168=FACE_OUTER_BOUND('',#258,.T.);
#169=FACE_OUTER_BOUND('',#275,.T.);
#170=FACE_OUTER_BOUND('',#276,.T.);
#171=FACE_OUTER_BOUND('',#277,.T.);
#172=FACE_OUTER_BOUND('',#278,.T.);
#173=FACE_OUTER_BOUND('',#279,.T.);
#174=FACE_OUTER_BOUND('',#280,.T.);
#175=FACE_OUTER_BOUND('',#281,.T.);
#176=FACE_OUTER_BOUND('',#282,.T.);
#177=FACE_OUTER_BOUND('',#283,.T.);
#178=FACE_OUTER_BOUND('',#284,.T.);
#179=FACE_OUTER_BOUND('',#285,.T.);
#180=FACE_OUTER_BOUND('',#286,.T.);
#181=FACE_OUTER_BOUND('',#289,.T.);
#182=FACE_OUTER_BOUND('',#290,.T.);
#183=EDGE_LOOP('',(#873,#874,#875,#876));
#184=EDGE_LOOP('',(#877,#878,#879,#880));
#185=EDGE_LOOP('',(#881,#882,#883,#884));
#186=EDGE_LOOP('',(#885,#886,#887,#888,#889,#890,#891,#892,#893));
#187=EDGE_LOOP('',(#894,#895,#896,#897));
#188=EDGE_LOOP('',(#898,#899,#900,#901));
#189=EDGE_LOOP('',(#902,#903,#904,#905));
#190=EDGE_LOOP('',(#906,#907,#908,#909));
#191=EDGE_LOOP('',(#910,#911,#912,#913));
#192=EDGE_LOOP('',(#914,#915,#916,#917));
#193=EDGE_LOOP('',(#918,#919,#920,#921));
#194=EDGE_LOOP('',(#922,#923,#924,#925));
#195=EDGE_LOOP('',(#926,#927,#928,#929));
#196=EDGE_LOOP('',(#930,#931,#932,#933));
#197=EDGE_LOOP('',(#934,#935,#936,#937));
#198=EDGE_LOOP('',(#938,#939,#940,#941));
#199=EDGE_LOOP('',(#942,#943,#944,#945));
#200=EDGE_LOOP('',(#946,#947,#948,#949,#950,#951,#952,#953,#954));
#201=EDGE_LOOP('',(#955,#956,#957,#958));
#202=EDGE_LOOP('',(#959,#960,#961,#962));
#203=EDGE_LOOP('',(#963,#964,#965,#966));
#204=EDGE_LOOP('',(#967,#968,#969,#970));
#205=EDGE_LOOP('',(#971,#972,#973,#974));
#206=EDGE_LOOP('',(#975,#976,#977,#978,#979,#980,#981,#982,#983,#984,#985,
#986,#987));
#207=EDGE_LOOP('',(#988,#989,#990,#991));
#208=EDGE_LOOP('',(#992,#993,#994,#995));
#209=EDGE_LOOP('',(#996,#997,#998,#999));
#210=EDGE_LOOP('',(#1000,#1001,#1002,#1003));
#211=EDGE_LOOP('',(#1004,#1005,#1006,#1007));
#212=EDGE_LOOP('',(#1008,#1009,#1010,#1011));
#213=EDGE_LOOP('',(#1012,#1013,#1014,#1015));
#214=EDGE_LOOP('',(#1016,#1017,#1018,#1019));
#215=EDGE_LOOP('',(#1020,#1021,#1022,#1023));
#216=EDGE_LOOP('',(#1024,#1025,#1026,#1027));
#217=EDGE_LOOP('',(#1028,#1029,#1030,#1031));
#218=EDGE_LOOP('',(#1032,#1033,#1034,#1035));
#219=EDGE_LOOP('',(#1036,#1037,#1038,#1039));
#220=EDGE_LOOP('',(#1040,#1041,#1042,#1043));
#221=EDGE_LOOP('',(#1044,#1045,#1046,#1047));
#222=EDGE_LOOP('',(#1048,#1049,#1050,#1051));
#223=EDGE_LOOP('',(#1052,#1053,#1054,#1055));
#224=EDGE_LOOP('',(#1056,#1057,#1058,#1059));
#225=EDGE_LOOP('',(#1060,#1061,#1062,#1063));
#226=EDGE_LOOP('',(#1064,#1065,#1066,#1067));
#227=EDGE_LOOP('',(#1068,#1069,#1070,#1071));
#228=EDGE_LOOP('',(#1072,#1073,#1074,#1075));
#229=EDGE_LOOP('',(#1076,#1077,#1078,#1079));
#230=EDGE_LOOP('',(#1080,#1081,#1082,#1083));
#231=EDGE_LOOP('',(#1084,#1085,#1086,#1087));
#232=EDGE_LOOP('',(#1088,#1089,#1090,#1091));
#233=EDGE_LOOP('',(#1092,#1093,#1094,#1095));
#234=EDGE_LOOP('',(#1096,#1097,#1098,#1099));
#235=EDGE_LOOP('',(#1100,#1101,#1102,#1103));
#236=EDGE_LOOP('',(#1104,#1105,#1106,#1107));
#237=EDGE_LOOP('',(#1108,#1109,#1110,#1111));
#238=EDGE_LOOP('',(#1112,#1113,#1114,#1115));
#239=EDGE_LOOP('',(#1116,#1117,#1118,#1119));
#240=EDGE_LOOP('',(#1120,#1121,#1122,#1123));
#241=EDGE_LOOP('',(#1124));
#242=EDGE_LOOP('',(#1125));
#243=EDGE_LOOP('',(#1126));
#244=EDGE_LOOP('',(#1127));
#245=EDGE_LOOP('',(#1128));
#246=EDGE_LOOP('',(#1129));
#247=EDGE_LOOP('',(#1130));
#248=EDGE_LOOP('',(#1131));
#249=EDGE_LOOP('',(#1132));
#250=EDGE_LOOP('',(#1133));
#251=EDGE_LOOP('',(#1134));
#252=EDGE_LOOP('',(#1135));
#253=EDGE_LOOP('',(#1136));
#254=EDGE_LOOP('',(#1137));
#255=EDGE_LOOP('',(#1138));
#256=EDGE_LOOP('',(#1139));
#257=EDGE_LOOP('',(#1140,#1141,#1142,#1143));
#258=EDGE_LOOP('',(#1144,#1145,#1146,#1147));
#259=EDGE_LOOP('',(#1148));
#260=EDGE_LOOP('',(#1149));
#261=EDGE_LOOP('',(#1150));
#262=EDGE_LOOP('',(#1151));
#263=EDGE_LOOP('',(#1152));
#264=EDGE_LOOP('',(#1153));
#265=EDGE_LOOP('',(#1154));
#266=EDGE_LOOP('',(#1155));
#267=EDGE_LOOP('',(#1156));
#268=EDGE_LOOP('',(#1157));
#269=EDGE_LOOP('',(#1158));
#270=EDGE_LOOP('',(#1159));
#271=EDGE_LOOP('',(#1160));
#272=EDGE_LOOP('',(#1161));
#273=EDGE_LOOP('',(#1162));
#274=EDGE_LOOP('',(#1163));
#275=EDGE_LOOP('',(#1164,#1165,#1166,#1167));
#276=EDGE_LOOP('',(#1168,#1169,#1170,#1171));
#277=EDGE_LOOP('',(#1172,#1173,#1174,#1175));
#278=EDGE_LOOP('',(#1176,#1177,#1178,#1179));
#279=EDGE_LOOP('',(#1180,#1181,#1182,#1183));
#280=EDGE_LOOP('',(#1184,#1185,#1186,#1187));
#281=EDGE_LOOP('',(#1188,#1189,#1190,#1191));
#282=EDGE_LOOP('',(#1192,#1193,#1194,#1195));
#283=EDGE_LOOP('',(#1196,#1197,#1198,#1199));
#284=EDGE_LOOP('',(#1200,#1201,#1202,#1203));
#285=EDGE_LOOP('',(#1204,#1205,#1206,#1207));
#286=EDGE_LOOP('',(#1208,#1209,#1210,#1211,#1212,#1213,#1214,#1215,#1216,
#1217,#1218,#1219,#1220));
#287=EDGE_LOOP('',(#1221,#1222,#1223,#1224));
#288=EDGE_LOOP('',(#1225,#1226,#1227,#1228));
#289=EDGE_LOOP('',(#1229,#1230,#1231,#1232));
#290=EDGE_LOOP('',(#1233,#1234,#1235,#1236));
#291=LINE('',#1827,#433);
#292=LINE('',#1829,#434);
#293=LINE('',#1831,#435);
#294=LINE('',#1832,#436);
#295=LINE('',#1836,#437);
#296=LINE('',#1838,#438);
#297=LINE('',#1840,#439);
#298=LINE('',#1841,#440);
#299=LINE('',#1844,#441);
#300=LINE('',#1846,#442);
#301=LINE('',#1847,#443);
#302=LINE('',#1850,#444);
#303=LINE('',#1852,#445);
#304=LINE('',#1854,#446);
#305=LINE('',#1856,#447);
#306=LINE('',#1858,#448);
#307=LINE('',#1860,#449);
#308=LINE('',#1861,#450);
#309=LINE('',#1864,#451);
#310=LINE('',#1866,#452);
#311=LINE('',#1868,#453);
#312=LINE('',#1869,#454);
#313=LINE('',#1871,#455);
#314=LINE('',#1873,#456);
#315=LINE('',#1874,#457);
#316=LINE('',#1877,#458);
#317=LINE('',#1878,#459);
#318=LINE('',#1881,#460);
#319=LINE('',#1883,#461);
#320=LINE('',#1884,#462);
#321=LINE('',#1887,#463);
#322=LINE('',#1888,#464);
#323=LINE('',#1890,#465);
#324=LINE('',#1893,#466);
#325=LINE('',#1894,#467);
#326=LINE('',#1897,#468);
#327=LINE('',#1898,#469);
#328=LINE('',#1901,#470);
#329=LINE('',#1902,#471);
#330=LINE('',#1904,#472);
#331=LINE('',#1907,#473);
#332=LINE('',#1909,#474);
#333=LINE('',#1910,#475);
#334=LINE('',#1912,#476);
#335=LINE('',#1915,#477);
#336=LINE('',#1916,#478);
#337=LINE('',#1919,#479);
#338=LINE('',#1921,#480);
#339=LINE('',#1922,#481);
#340=LINE('',#1926,#482);
#341=LINE('',#1928,#483);
#342=LINE('',#1930,#484);
#343=LINE('',#1931,#485);
#344=LINE('',#1935,#486);
#345=LINE('',#1937,#487);
#346=LINE('',#1939,#488);
#347=LINE('',#1940,#489);
#348=LINE('',#1943,#490);
#349=LINE('',#1945,#491);
#350=LINE('',#1946,#492);
#351=LINE('',#1949,#493);
#352=LINE('',#1951,#494);
#353=LINE('',#1953,#495);
#354=LINE('',#1955,#496);
#355=LINE('',#1957,#497);
#356=LINE('',#1959,#498);
#357=LINE('',#1961,#499);
#358=LINE('',#1963,#500);
#359=LINE('',#1965,#501);
#360=LINE('',#1967,#502);
#361=LINE('',#1968,#503);
#362=LINE('',#1971,#504);
#363=LINE('',#1973,#505);
#364=LINE('',#1975,#506);
#365=LINE('',#1976,#507);
#366=LINE('',#1978,#508);
#367=LINE('',#1980,#509);
#368=LINE('',#1981,#510);
#369=LINE('',#1984,#511);
#370=LINE('',#1985,#512);
#371=LINE('',#1988,#513);
#372=LINE('',#1990,#514);
#373=LINE('',#1991,#515);
#374=LINE('',#1994,#516);
#375=LINE('',#1995,#517);
#376=LINE('',#1997,#518);
#377=LINE('',#2000,#519);
#378=LINE('',#2001,#520);
#379=LINE('',#2004,#521);
#380=LINE('',#2005,#522);
#381=LINE('',#2008,#523);
#382=LINE('',#2010,#524);
#383=LINE('',#2011,#525);
#384=LINE('',#2014,#526);
#385=LINE('',#2015,#527);
#386=LINE('',#2018,#528);
#387=LINE('',#2020,#529);
#388=LINE('',#2021,#530);
#389=LINE('',#2023,#531);
#390=LINE('',#2025,#532);
#391=LINE('',#2027,#533);
#392=LINE('',#2030,#534);
#393=LINE('',#2031,#535);
#394=LINE('',#2034,#536);
#395=LINE('',#2035,#537);
#396=LINE('',#2040,#538);
#397=LINE('',#2046,#539);
#398=LINE('',#2052,#540);
#399=LINE('',#2058,#541);
#400=LINE('',#2064,#542);
#401=LINE('',#2070,#543);
#402=LINE('',#2076,#544);
#403=LINE('',#2082,#545);
#404=LINE('',#2088,#546);
#405=LINE('',#2094,#547);
#406=LINE('',#2100,#548);
#407=LINE('',#2106,#549);
#408=LINE('',#2111,#550);
#409=LINE('',#2113,#551);
#410=LINE('',#2115,#552);
#411=LINE('',#2116,#553);
#412=LINE('',#2120,#554);
#413=LINE('',#2124,#555);
#414=LINE('',#2128,#556);
#415=LINE('',#2131,#557);
#416=LINE('',#2132,#558);
#417=LINE('',#2135,#559);
#418=LINE('',#2136,#560);
#419=LINE('',#2147,#561);
#420=LINE('',#2148,#562);
#421=LINE('',#2150,#563);
#422=LINE('',#2165,#564);
#423=LINE('',#2169,#565);
#424=LINE('',#2171,#566);
#425=LINE('',#2173,#567);
#426=LINE('',#2175,#568);
#427=LINE('',#2177,#569);
#428=LINE('',#2181,#570);
#429=LINE('',#2182,#571);
#430=LINE('',#2185,#572);
#431=LINE('',#2186,#573);
#432=LINE('',#2188,#574);
#433=VECTOR('',#1467,0.393700787401575);
#434=VECTOR('',#1468,0.393700787401575);
#435=VECTOR('',#1469,0.393700787401575);
#436=VECTOR('',#1470,0.393700787401575);
#437=VECTOR('',#1473,0.393700787401575);
#438=VECTOR('',#1474,0.393700787401575);
#439=VECTOR('',#1475,0.393700787401575);
#440=VECTOR('',#1476,0.393700787401575);
#441=VECTOR('',#1479,0.393700787401575);
#442=VECTOR('',#1480,0.393700787401575);
#443=VECTOR('',#1481,0.393700787401575);
#444=VECTOR('',#1484,0.393700787401575);
#445=VECTOR('',#1485,0.393700787401575);
#446=VECTOR('',#1486,0.06146);
#447=VECTOR('',#1487,0.393700787401575);
#448=VECTOR('',#1488,0.06146);
#449=VECTOR('',#1489,0.393700787401575);
#450=VECTOR('',#1490,0.393700787401575);
#451=VECTOR('',#1491,0.393700787401575);
#452=VECTOR('',#1492,0.393700787401575);
#453=VECTOR('',#1493,0.393700787401575);
#454=VECTOR('',#1494,0.393700787401575);
#455=VECTOR('',#1495,0.393700787401575);
#456=VECTOR('',#1496,0.393700787401575);
#457=VECTOR('',#1497,0.393700787401575);
#458=VECTOR('',#1500,0.393700787401575);
#459=VECTOR('',#1501,0.393700787401575);
#460=VECTOR('',#1504,0.393700787401575);
#461=VECTOR('',#1505,0.393700787401575);
#462=VECTOR('',#1506,0.393700787401575);
#463=VECTOR('',#1509,0.393700787401575);
#464=VECTOR('',#1510,0.393700787401575);
#465=VECTOR('',#1513,0.393700787401575);
#466=VECTOR('',#1516,0.393700787401575);
#467=VECTOR('',#1517,0.393700787401575);
#468=VECTOR('',#1520,0.393700787401575);
#469=VECTOR('',#1521,0.393700787401575);
#470=VECTOR('',#1524,0.393700787401575);
#471=VECTOR('',#1525,0.393700787401575);
#472=VECTOR('',#1528,0.393700787401575);
#473=VECTOR('',#1531,0.393700787401575);
#474=VECTOR('',#1532,0.393700787401575);
#475=VECTOR('',#1533,0.393700787401575);
#476=VECTOR('',#1536,0.393700787401575);
#477=VECTOR('',#1539,0.06146);
#478=VECTOR('',#1540,0.393700787401575);
#479=VECTOR('',#1543,0.393700787401575);
#480=VECTOR('',#1544,0.393700787401575);
#481=VECTOR('',#1545,0.393700787401575);
#482=VECTOR('',#1548,0.393700787401575);
#483=VECTOR('',#1549,0.393700787401575);
#484=VECTOR('',#1550,0.393700787401575);
#485=VECTOR('',#1551,0.393700787401575);
#486=VECTOR('',#1554,0.393700787401575);
#487=VECTOR('',#1555,0.393700787401575);
#488=VECTOR('',#1556,0.393700787401575);
#489=VECTOR('',#1557,0.393700787401575);
#490=VECTOR('',#1560,0.393700787401575);
#491=VECTOR('',#1561,0.393700787401575);
#492=VECTOR('',#1562,0.393700787401575);
#493=VECTOR('',#1565,0.393700787401575);
#494=VECTOR('',#1566,0.061460000000001);
#495=VECTOR('',#1567,0.393700787401575);
#496=VECTOR('',#1568,0.061460000000001);
#497=VECTOR('',#1569,0.393700787401575);
#498=VECTOR('',#1570,0.393700787401575);
#499=VECTOR('',#1571,0.393700787401575);
#500=VECTOR('',#1572,0.0614600000000009);
#501=VECTOR('',#1573,0.393700787401575);
#502=VECTOR('',#1574,0.393700787401575);
#503=VECTOR('',#1575,0.393700787401575);
#504=VECTOR('',#1576,0.393700787401575);
#505=VECTOR('',#1577,0.393700787401575);
#506=VECTOR('',#1578,0.393700787401575);
#507=VECTOR('',#1579,0.393700787401575);
#508=VECTOR('',#1580,0.393700787401575);
#509=VECTOR('',#1581,0.393700787401575);
#510=VECTOR('',#1582,0.393700787401575);
#511=VECTOR('',#1585,0.393700787401575);
#512=VECTOR('',#1586,0.393700787401575);
#513=VECTOR('',#1589,0.393700787401575);
#514=VECTOR('',#1590,0.393700787401575);
#515=VECTOR('',#1591,0.393700787401575);
#516=VECTOR('',#1594,0.393700787401575);
#517=VECTOR('',#1595,0.393700787401575);
#518=VECTOR('',#1598,0.393700787401575);
#519=VECTOR('',#1601,0.393700787401575);
#520=VECTOR('',#1602,0.393700787401575);
#521=VECTOR('',#1605,0.393700787401575);
#522=VECTOR('',#1606,0.393700787401575);
#523=VECTOR('',#1609,0.393700787401575);
#524=VECTOR('',#1610,0.393700787401575);
#525=VECTOR('',#1611,0.393700787401575);
#526=VECTOR('',#1614,0.393700787401575);
#527=VECTOR('',#1615,0.393700787401575);
#528=VECTOR('',#1618,0.393700787401575);
#529=VECTOR('',#1619,0.393700787401575);
#530=VECTOR('',#1620,0.393700787401575);
#531=VECTOR('',#1623,0.393700787401575);
#532=VECTOR('',#1626,0.393700787401575);
#533=VECTOR('',#1629,0.393700787401575);
#534=VECTOR('',#1632,0.393700787401575);
#535=VECTOR('',#1633,0.393700787401575);
#536=VECTOR('',#1636,0.393700787401575);
#537=VECTOR('',#1637,0.393700787401575);
#538=VECTOR('',#1642,0.0624999999999991);
#539=VECTOR('',#1649,0.0625);
#540=VECTOR('',#1656,0.0625);
#541=VECTOR('',#1663,0.0624999999999991);
#542=VECTOR('',#1670,0.0625);
#543=VECTOR('',#1677,0.0625);
#544=VECTOR('',#1684,0.0625);
#545=VECTOR('',#1691,0.0625);
#546=VECTOR('',#1698,0.0625);
#547=VECTOR('',#1705,0.0625);
#548=VECTOR('',#1712,0.0625);
#549=VECTOR('',#1719,0.0625);
#550=VECTOR('',#1724,0.393700787401575);
#551=VECTOR('',#1725,0.393700787401575);
#552=VECTOR('',#1726,0.393700787401575);
#553=VECTOR('',#1727,0.393700787401575);
#554=VECTOR('',#1732,0.393700787401575);
#555=VECTOR('',#1737,0.393700787401575);
#556=VECTOR('',#1742,0.393700787401575);
#557=VECTOR('',#1747,0.393700787401575);
#558=VECTOR('',#1748,0.393700787401575);
#559=VECTOR('',#1751,0.393700787401575);
#560=VECTOR('',#1752,0.393700787401575);
#561=VECTOR('',#1763,0.393700787401575);
#562=VECTOR('',#1764,0.393700787401575);
#563=VECTOR('',#1767,0.393700787401575);
#564=VECTOR('',#1788,0.393700787401575);
#565=VECTOR('',#1795,0.0625);
#566=VECTOR('',#1798,0.0625);
#567=VECTOR('',#1801,0.0625);
#568=VECTOR('',#1804,0.0625);
#569=VECTOR('',#1807,0.061460000000001);
#570=VECTOR('',#1812,0.393700787401575);
#571=VECTOR('',#1813,0.393700787401575);
#572=VECTOR('',#1816,0.393700787401575);
#573=VECTOR('',#1817,0.393700787401575);
#574=VECTOR('',#1820,0.393700787401575);
#575=VERTEX_POINT('',#1825);
#576=VERTEX_POINT('',#1826);
#577=VERTEX_POINT('',#1828);
#578=VERTEX_POINT('',#1830);
#579=VERTEX_POINT('',#1834);
#580=VERTEX_POINT('',#1835);
#581=VERTEX_POINT('',#1837);
#582=VERTEX_POINT('',#1839);
#583=VERTEX_POINT('',#1843);
#584=VERTEX_POINT('',#1845);
#585=VERTEX_POINT('',#1849);
#586=VERTEX_POINT('',#1851);
#587=VERTEX_POINT('',#1853);
#588=VERTEX_POINT('',#1855);
#589=VERTEX_POINT('',#1857);
#590=VERTEX_POINT('',#1859);
#591=VERTEX_POINT('',#1862);
#592=VERTEX_POINT('',#1863);
#593=VERTEX_POINT('',#1865);
#594=VERTEX_POINT('',#1867);
#595=VERTEX_POINT('',#1870);
#596=VERTEX_POINT('',#1872);
#597=VERTEX_POINT('',#1876);
#598=VERTEX_POINT('',#1880);
#599=VERTEX_POINT('',#1882);
#600=VERTEX_POINT('',#1886);
#601=VERTEX_POINT('',#1892);
#602=VERTEX_POINT('',#1896);
#603=VERTEX_POINT('',#1900);
#604=VERTEX_POINT('',#1906);
#605=VERTEX_POINT('',#1908);
#606=VERTEX_POINT('',#1914);
#607=VERTEX_POINT('',#1918);
#608=VERTEX_POINT('',#1920);
#609=VERTEX_POINT('',#1924);
#610=VERTEX_POINT('',#1925);
#611=VERTEX_POINT('',#1927);
#612=VERTEX_POINT('',#1929);
#613=VERTEX_POINT('',#1933);
#614=VERTEX_POINT('',#1934);
#615=VERTEX_POINT('',#1936);
#616=VERTEX_POINT('',#1938);
#617=VERTEX_POINT('',#1942);
#618=VERTEX_POINT('',#1944);
#619=VERTEX_POINT('',#1948);
#620=VERTEX_POINT('',#1950);
#621=VERTEX_POINT('',#1952);
#622=VERTEX_POINT('',#1954);
#623=VERTEX_POINT('',#1956);
#624=VERTEX_POINT('',#1958);
#625=VERTEX_POINT('',#1960);
#626=VERTEX_POINT('',#1962);
#627=VERTEX_POINT('',#1964);
#628=VERTEX_POINT('',#1966);
#629=VERTEX_POINT('',#1969);
#630=VERTEX_POINT('',#1970);
#631=VERTEX_POINT('',#1972);
#632=VERTEX_POINT('',#1974);
#633=VERTEX_POINT('',#1977);
#634=VERTEX_POINT('',#1979);
#635=VERTEX_POINT('',#1983);
#636=VERTEX_POINT('',#1987);
#637=VERTEX_POINT('',#1989);
#638=VERTEX_POINT('',#1993);
#639=VERTEX_POINT('',#1999);
#640=VERTEX_POINT('',#2003);
#641=VERTEX_POINT('',#2007);
#642=VERTEX_POINT('',#2009);
#643=VERTEX_POINT('',#2013);
#644=VERTEX_POINT('',#2017);
#645=VERTEX_POINT('',#2019);
#646=VERTEX_POINT('',#2029);
#647=VERTEX_POINT('',#2033);
#648=VERTEX_POINT('',#2037);
#649=VERTEX_POINT('',#2039);
#650=VERTEX_POINT('',#2043);
#651=VERTEX_POINT('',#2045);
#652=VERTEX_POINT('',#2049);
#653=VERTEX_POINT('',#2051);
#654=VERTEX_POINT('',#2055);
#655=VERTEX_POINT('',#2057);
#656=VERTEX_POINT('',#2061);
#657=VERTEX_POINT('',#2063);
#658=VERTEX_POINT('',#2067);
#659=VERTEX_POINT('',#2069);
#660=VERTEX_POINT('',#2073);
#661=VERTEX_POINT('',#2075);
#662=VERTEX_POINT('',#2079);
#663=VERTEX_POINT('',#2081);
#664=VERTEX_POINT('',#2085);
#665=VERTEX_POINT('',#2087);
#666=VERTEX_POINT('',#2091);
#667=VERTEX_POINT('',#2093);
#668=VERTEX_POINT('',#2097);
#669=VERTEX_POINT('',#2099);
#670=VERTEX_POINT('',#2103);
#671=VERTEX_POINT('',#2105);
#672=VERTEX_POINT('',#2109);
#673=VERTEX_POINT('',#2110);
#674=VERTEX_POINT('',#2112);
#675=VERTEX_POINT('',#2114);
#676=VERTEX_POINT('',#2119);
#677=VERTEX_POINT('',#2123);
#678=VERTEX_POINT('',#2127);
#679=VERTEX_POINT('',#2134);
#680=VERTEX_POINT('',#2137);
#681=VERTEX_POINT('',#2139);
#682=VERTEX_POINT('',#2141);
#683=VERTEX_POINT('',#2143);
#684=VERTEX_POINT('',#2146);
#685=VERTEX_POINT('',#2151);
#686=VERTEX_POINT('',#2153);
#687=VERTEX_POINT('',#2155);
#688=VERTEX_POINT('',#2157);
#689=VERTEX_POINT('',#2180);
#690=VERTEX_POINT('',#2184);
#691=EDGE_CURVE('',#575,#576,#291,.T.);
#692=EDGE_CURVE('',#577,#575,#292,.T.);
#693=EDGE_CURVE('',#578,#577,#293,.T.);
#694=EDGE_CURVE('',#576,#578,#294,.T.);
#695=EDGE_CURVE('',#579,#580,#295,.T.);
#696=EDGE_CURVE('',#581,#579,#296,.T.);
#697=EDGE_CURVE('',#582,#581,#297,.T.);
#698=EDGE_CURVE('',#580,#582,#298,.T.);
#699=EDGE_CURVE('',#583,#580,#299,.T.);
#700=EDGE_CURVE('',#584,#583,#300,.T.);
#701=EDGE_CURVE('',#579,#584,#301,.T.);
#702=EDGE_CURVE('',#584,#585,#302,.T.);
#703=EDGE_CURVE('',#585,#586,#303,.T.);
#704=EDGE_CURVE('',#586,#587,#304,.T.);
#705=EDGE_CURVE('',#587,#588,#305,.T.);
#706=EDGE_CURVE('',#589,#588,#306,.T.);
#707=EDGE_CURVE('',#589,#590,#307,.T.);
#708=EDGE_CURVE('',#590,#581,#308,.T.);
#709=EDGE_CURVE('',#591,#592,#309,.T.);
#710=EDGE_CURVE('',#592,#593,#310,.T.);
#711=EDGE_CURVE('',#593,#594,#311,.T.);
#712=EDGE_CURVE('',#594,#591,#312,.T.);
#713=EDGE_CURVE('',#578,#595,#313,.T.);
#714=EDGE_CURVE('',#595,#596,#314,.T.);
#715=EDGE_CURVE('',#596,#576,#315,.T.);
#716=EDGE_CURVE('',#597,#577,#316,.T.);
#717=EDGE_CURVE('',#597,#595,#317,.T.);
#718=EDGE_CURVE('',#598,#591,#318,.T.);
#719=EDGE_CURVE('',#599,#598,#319,.T.);
#720=EDGE_CURVE('',#592,#599,#320,.T.);
#721=EDGE_CURVE('',#596,#600,#321,.T.);
#722=EDGE_CURVE('',#600,#597,#322,.T.);
#723=EDGE_CURVE('',#575,#600,#323,.T.);
#724=EDGE_CURVE('',#601,#590,#324,.T.);
#725=EDGE_CURVE('',#582,#601,#325,.T.);
#726=EDGE_CURVE('',#602,#599,#326,.T.);
#727=EDGE_CURVE('',#602,#593,#327,.T.);
#728=EDGE_CURVE('',#603,#602,#328,.T.);
#729=EDGE_CURVE('',#594,#603,#329,.T.);
#730=EDGE_CURVE('',#598,#603,#330,.T.);
#731=EDGE_CURVE('',#585,#604,#331,.T.);
#732=EDGE_CURVE('',#605,#604,#332,.T.);
#733=EDGE_CURVE('',#586,#605,#333,.T.);
#734=EDGE_CURVE('',#604,#583,#334,.T.);
#735=EDGE_CURVE('',#606,#605,#335,.T.);
#736=EDGE_CURVE('',#606,#587,#336,.T.);
#737=EDGE_CURVE('',#601,#607,#337,.T.);
#738=EDGE_CURVE('',#607,#608,#338,.T.);
#739=EDGE_CURVE('',#608,#606,#339,.T.);
#740=EDGE_CURVE('',#609,#610,#340,.T.);
#741=EDGE_CURVE('',#611,#609,#341,.T.);
#742=EDGE_CURVE('',#612,#611,#342,.T.);
#743=EDGE_CURVE('',#610,#612,#343,.T.);
#744=EDGE_CURVE('',#613,#614,#344,.T.);
#745=EDGE_CURVE('',#615,#613,#345,.T.);
#746=EDGE_CURVE('',#616,#615,#346,.T.);
#747=EDGE_CURVE('',#614,#616,#347,.T.);
#748=EDGE_CURVE('',#617,#614,#348,.T.);
#749=EDGE_CURVE('',#618,#617,#349,.T.);
#750=EDGE_CURVE('',#613,#618,#350,.T.);
#751=EDGE_CURVE('',#618,#619,#351,.T.);
#752=EDGE_CURVE('',#619,#620,#352,.T.);
#753=EDGE_CURVE('',#620,#621,#353,.T.);
#754=EDGE_CURVE('',#622,#621,#354,.T.);
#755=EDGE_CURVE('',#622,#623,#355,.T.);
#756=EDGE_CURVE('',#623,#624,#356,.T.);
#757=EDGE_CURVE('',#624,#625,#357,.T.);
#758=EDGE_CURVE('',#626,#625,#358,.T.);
#759=EDGE_CURVE('',#626,#627,#359,.T.);
#760=EDGE_CURVE('',#627,#628,#360,.T.);
#761=EDGE_CURVE('',#628,#615,#361,.T.);
#762=EDGE_CURVE('',#629,#630,#362,.T.);
#763=EDGE_CURVE('',#630,#631,#363,.T.);
#764=EDGE_CURVE('',#631,#632,#364,.T.);
#765=EDGE_CURVE('',#632,#629,#365,.T.);
#766=EDGE_CURVE('',#612,#633,#366,.T.);
#767=EDGE_CURVE('',#633,#634,#367,.T.);
#768=EDGE_CURVE('',#634,#610,#368,.T.);
#769=EDGE_CURVE('',#635,#611,#369,.T.);
#770=EDGE_CURVE('',#635,#633,#370,.T.);
#771=EDGE_CURVE('',#636,#629,#371,.T.);
#772=EDGE_CURVE('',#637,#636,#372,.T.);
#773=EDGE_CURVE('',#630,#637,#373,.T.);
#774=EDGE_CURVE('',#634,#638,#374,.T.);
#775=EDGE_CURVE('',#638,#635,#375,.T.);
#776=EDGE_CURVE('',#609,#638,#376,.T.);
#777=EDGE_CURVE('',#639,#628,#377,.T.);
#778=EDGE_CURVE('',#616,#639,#378,.T.);
#779=EDGE_CURVE('',#640,#637,#379,.T.);
#780=EDGE_CURVE('',#640,#631,#380,.T.);
#781=EDGE_CURVE('',#641,#622,#381,.T.);
#782=EDGE_CURVE('',#642,#641,#382,.T.);
#783=EDGE_CURVE('',#623,#642,#383,.T.);
#784=EDGE_CURVE('',#643,#640,#384,.T.);
#785=EDGE_CURVE('',#632,#643,#385,.T.);
#786=EDGE_CURVE('',#625,#644,#386,.T.);
#787=EDGE_CURVE('',#624,#645,#387,.T.);
#788=EDGE_CURVE('',#644,#645,#388,.T.);
#789=EDGE_CURVE('',#645,#642,#389,.T.);
#790=EDGE_CURVE('',#636,#643,#390,.T.);
#791=EDGE_CURVE('',#607,#589,#391,.T.);
#792=EDGE_CURVE('',#621,#646,#392,.T.);
#793=EDGE_CURVE('',#641,#646,#393,.T.);
#794=EDGE_CURVE('',#647,#617,#394,.T.);
#795=EDGE_CURVE('',#619,#647,#395,.T.);
#796=EDGE_CURVE('',#648,#648,#15,.T.);
#797=EDGE_CURVE('',#648,#649,#396,.T.);
#798=EDGE_CURVE('',#649,#649,#16,.T.);
#799=EDGE_CURVE('',#650,#650,#17,.T.);
#800=EDGE_CURVE('',#650,#651,#397,.T.);
#801=EDGE_CURVE('',#651,#651,#18,.T.);
#802=EDGE_CURVE('',#652,#652,#19,.T.);
#803=EDGE_CURVE('',#652,#653,#398,.T.);
#804=EDGE_CURVE('',#653,#653,#20,.T.);
#805=EDGE_CURVE('',#654,#654,#21,.T.);
#806=EDGE_CURVE('',#654,#655,#399,.T.);
#807=EDGE_CURVE('',#655,#655,#22,.T.);
#808=EDGE_CURVE('',#656,#656,#23,.T.);
#809=EDGE_CURVE('',#656,#657,#400,.T.);
#810=EDGE_CURVE('',#657,#657,#24,.T.);
#811=EDGE_CURVE('',#658,#658,#25,.T.);
#812=EDGE_CURVE('',#658,#659,#401,.T.);
#813=EDGE_CURVE('',#659,#659,#26,.T.);
#814=EDGE_CURVE('',#660,#660,#27,.T.);
#815=EDGE_CURVE('',#660,#661,#402,.T.);
#816=EDGE_CURVE('',#661,#661,#28,.T.);
#817=EDGE_CURVE('',#662,#662,#29,.T.);
#818=EDGE_CURVE('',#662,#663,#403,.T.);
#819=EDGE_CURVE('',#663,#663,#30,.T.);
#820=EDGE_CURVE('',#664,#664,#31,.T.);
#821=EDGE_CURVE('',#664,#665,#404,.T.);
#822=EDGE_CURVE('',#665,#665,#32,.T.);
#823=EDGE_CURVE('',#666,#666,#33,.T.);
#824=EDGE_CURVE('',#666,#667,#405,.T.);
#825=EDGE_CURVE('',#667,#667,#34,.T.);
#826=EDGE_CURVE('',#668,#668,#35,.T.);
#827=EDGE_CURVE('',#668,#669,#406,.T.);
#828=EDGE_CURVE('',#669,#669,#36,.T.);
#829=EDGE_CURVE('',#670,#670,#37,.T.);
#830=EDGE_CURVE('',#670,#671,#407,.T.);
#831=EDGE_CURVE('',#671,#671,#38,.T.);
#832=EDGE_CURVE('',#672,#673,#408,.T.);
#833=EDGE_CURVE('',#674,#673,#409,.T.);
#834=EDGE_CURVE('',#674,#675,#410,.T.);
#835=EDGE_CURVE('',#672,#675,#411,.T.);
#836=EDGE_CURVE('',#620,#674,#39,.T.);
#837=EDGE_CURVE('',#676,#674,#412,.T.);
#838=EDGE_CURVE('',#621,#676,#40,.T.);
#839=EDGE_CURVE('',#677,#620,#413,.T.);
#840=EDGE_CURVE('',#675,#677,#41,.T.);
#841=EDGE_CURVE('',#678,#676,#414,.T.);
#842=EDGE_CURVE('',#646,#678,#42,.T.);
#843=EDGE_CURVE('',#646,#677,#415,.T.);
#844=EDGE_CURVE('',#675,#678,#416,.T.);
#845=EDGE_CURVE('',#679,#672,#417,.T.);
#846=EDGE_CURVE('',#678,#679,#418,.T.);
#847=EDGE_CURVE('',#680,#680,#43,.T.);
#848=EDGE_CURVE('',#681,#681,#44,.T.);
#849=EDGE_CURVE('',#682,#682,#45,.T.);
#850=EDGE_CURVE('',#683,#683,#46,.T.);
#851=EDGE_CURVE('',#684,#679,#419,.T.);
#852=EDGE_CURVE('',#684,#676,#420,.T.);
#853=EDGE_CURVE('',#673,#684,#421,.T.);
#854=EDGE_CURVE('',#685,#685,#47,.T.);
#855=EDGE_CURVE('',#686,#686,#48,.T.);
#856=EDGE_CURVE('',#687,#687,#49,.T.);
#857=EDGE_CURVE('',#688,#688,#50,.T.);
#858=EDGE_CURVE('',#587,#684,#51,.T.);
#859=EDGE_CURVE('',#588,#673,#52,.T.);
#860=EDGE_CURVE('',#679,#606,#53,.T.);
#861=EDGE_CURVE('',#588,#608,#422,.T.);
#862=EDGE_CURVE('',#608,#672,#54,.T.);
#863=EDGE_CURVE('',#683,#688,#423,.T.);
#864=EDGE_CURVE('',#682,#687,#424,.T.);
#865=EDGE_CURVE('',#681,#686,#425,.T.);
#866=EDGE_CURVE('',#680,#685,#426,.T.);
#867=EDGE_CURVE('',#677,#647,#427,.T.);
#868=EDGE_CURVE('',#689,#644,#428,.T.);
#869=EDGE_CURVE('',#626,#689,#429,.T.);
#870=EDGE_CURVE('',#639,#690,#430,.T.);
#871=EDGE_CURVE('',#690,#689,#431,.T.);
#872=EDGE_CURVE('',#690,#627,#432,.T.);
#873=ORIENTED_EDGE('',*,*,#691,.F.);
#874=ORIENTED_EDGE('',*,*,#692,.F.);
#875=ORIENTED_EDGE('',*,*,#693,.F.);
#876=ORIENTED_EDGE('',*,*,#694,.F.);
#877=ORIENTED_EDGE('',*,*,#695,.F.);
#878=ORIENTED_EDGE('',*,*,#696,.F.);
#879=ORIENTED_EDGE('',*,*,#697,.F.);
#880=ORIENTED_EDGE('',*,*,#698,.F.);
#881=ORIENTED_EDGE('',*,*,#695,.T.);
#882=ORIENTED_EDGE('',*,*,#699,.F.);
#883=ORIENTED_EDGE('',*,*,#700,.F.);
#884=ORIENTED_EDGE('',*,*,#701,.F.);
#885=ORIENTED_EDGE('',*,*,#701,.T.);
#886=ORIENTED_EDGE('',*,*,#702,.T.);
#887=ORIENTED_EDGE('',*,*,#703,.T.);
#888=ORIENTED_EDGE('',*,*,#704,.T.);
#889=ORIENTED_EDGE('',*,*,#705,.T.);
#890=ORIENTED_EDGE('',*,*,#706,.F.);
#891=ORIENTED_EDGE('',*,*,#707,.T.);
#892=ORIENTED_EDGE('',*,*,#708,.T.);
#893=ORIENTED_EDGE('',*,*,#696,.T.);
#894=ORIENTED_EDGE('',*,*,#709,.T.);
#895=ORIENTED_EDGE('',*,*,#710,.T.);
#896=ORIENTED_EDGE('',*,*,#711,.T.);
#897=ORIENTED_EDGE('',*,*,#712,.T.);
#898=ORIENTED_EDGE('',*,*,#694,.T.);
#899=ORIENTED_EDGE('',*,*,#713,.T.);
#900=ORIENTED_EDGE('',*,*,#714,.T.);
#901=ORIENTED_EDGE('',*,*,#715,.T.);
#902=ORIENTED_EDGE('',*,*,#693,.T.);
#903=ORIENTED_EDGE('',*,*,#716,.F.);
#904=ORIENTED_EDGE('',*,*,#717,.T.);
#905=ORIENTED_EDGE('',*,*,#713,.F.);
#906=ORIENTED_EDGE('',*,*,#718,.F.);
#907=ORIENTED_EDGE('',*,*,#719,.F.);
#908=ORIENTED_EDGE('',*,*,#720,.F.);
#909=ORIENTED_EDGE('',*,*,#709,.F.);
#910=ORIENTED_EDGE('',*,*,#721,.F.);
#911=ORIENTED_EDGE('',*,*,#714,.F.);
#912=ORIENTED_EDGE('',*,*,#717,.F.);
#913=ORIENTED_EDGE('',*,*,#722,.F.);
#914=ORIENTED_EDGE('',*,*,#691,.T.);
#915=ORIENTED_EDGE('',*,*,#715,.F.);
#916=ORIENTED_EDGE('',*,*,#721,.T.);
#917=ORIENTED_EDGE('',*,*,#723,.F.);
#918=ORIENTED_EDGE('',*,*,#697,.T.);
#919=ORIENTED_EDGE('',*,*,#708,.F.);
#920=ORIENTED_EDGE('',*,*,#724,.F.);
#921=ORIENTED_EDGE('',*,*,#725,.F.);
#922=ORIENTED_EDGE('',*,*,#720,.T.);
#923=ORIENTED_EDGE('',*,*,#726,.F.);
#924=ORIENTED_EDGE('',*,*,#727,.T.);
#925=ORIENTED_EDGE('',*,*,#710,.F.);
#926=ORIENTED_EDGE('',*,*,#727,.F.);
#927=ORIENTED_EDGE('',*,*,#728,.F.);
#928=ORIENTED_EDGE('',*,*,#729,.F.);
#929=ORIENTED_EDGE('',*,*,#711,.F.);
#930=ORIENTED_EDGE('',*,*,#718,.T.);
#931=ORIENTED_EDGE('',*,*,#712,.F.);
#932=ORIENTED_EDGE('',*,*,#729,.T.);
#933=ORIENTED_EDGE('',*,*,#730,.F.);
#934=ORIENTED_EDGE('',*,*,#731,.T.);
#935=ORIENTED_EDGE('',*,*,#732,.F.);
#936=ORIENTED_EDGE('',*,*,#733,.F.);
#937=ORIENTED_EDGE('',*,*,#703,.F.);
#938=ORIENTED_EDGE('',*,*,#700,.T.);
#939=ORIENTED_EDGE('',*,*,#734,.F.);
#940=ORIENTED_EDGE('',*,*,#731,.F.);
#941=ORIENTED_EDGE('',*,*,#702,.F.);
#942=ORIENTED_EDGE('',*,*,#735,.F.);
#943=ORIENTED_EDGE('',*,*,#736,.T.);
#944=ORIENTED_EDGE('',*,*,#704,.F.);
#945=ORIENTED_EDGE('',*,*,#733,.T.);
#946=ORIENTED_EDGE('',*,*,#698,.T.);
#947=ORIENTED_EDGE('',*,*,#725,.T.);
#948=ORIENTED_EDGE('',*,*,#737,.T.);
#949=ORIENTED_EDGE('',*,*,#738,.T.);
#950=ORIENTED_EDGE('',*,*,#739,.T.);
#951=ORIENTED_EDGE('',*,*,#735,.T.);
#952=ORIENTED_EDGE('',*,*,#732,.T.);
#953=ORIENTED_EDGE('',*,*,#734,.T.);
#954=ORIENTED_EDGE('',*,*,#699,.T.);
#955=ORIENTED_EDGE('',*,*,#723,.T.);
#956=ORIENTED_EDGE('',*,*,#722,.T.);
#957=ORIENTED_EDGE('',*,*,#716,.T.);
#958=ORIENTED_EDGE('',*,*,#692,.T.);
#959=ORIENTED_EDGE('',*,*,#730,.T.);
#960=ORIENTED_EDGE('',*,*,#728,.T.);
#961=ORIENTED_EDGE('',*,*,#726,.T.);
#962=ORIENTED_EDGE('',*,*,#719,.T.);
#963=ORIENTED_EDGE('',*,*,#740,.F.);
#964=ORIENTED_EDGE('',*,*,#741,.F.);
#965=ORIENTED_EDGE('',*,*,#742,.F.);
#966=ORIENTED_EDGE('',*,*,#743,.F.);
#967=ORIENTED_EDGE('',*,*,#744,.F.);
#968=ORIENTED_EDGE('',*,*,#745,.F.);
#969=ORIENTED_EDGE('',*,*,#746,.F.);
#970=ORIENTED_EDGE('',*,*,#747,.F.);
#971=ORIENTED_EDGE('',*,*,#744,.T.);
#972=ORIENTED_EDGE('',*,*,#748,.F.);
#973=ORIENTED_EDGE('',*,*,#749,.F.);
#974=ORIENTED_EDGE('',*,*,#750,.F.);
#975=ORIENTED_EDGE('',*,*,#750,.T.);
#976=ORIENTED_EDGE('',*,*,#751,.T.);
#977=ORIENTED_EDGE('',*,*,#752,.T.);
#978=ORIENTED_EDGE('',*,*,#753,.T.);
#979=ORIENTED_EDGE('',*,*,#754,.F.);
#980=ORIENTED_EDGE('',*,*,#755,.T.);
#981=ORIENTED_EDGE('',*,*,#756,.T.);
#982=ORIENTED_EDGE('',*,*,#757,.T.);
#983=ORIENTED_EDGE('',*,*,#758,.F.);
#984=ORIENTED_EDGE('',*,*,#759,.T.);
#985=ORIENTED_EDGE('',*,*,#760,.T.);
#986=ORIENTED_EDGE('',*,*,#761,.T.);
#987=ORIENTED_EDGE('',*,*,#745,.T.);
#988=ORIENTED_EDGE('',*,*,#762,.T.);
#989=ORIENTED_EDGE('',*,*,#763,.T.);
#990=ORIENTED_EDGE('',*,*,#764,.T.);
#991=ORIENTED_EDGE('',*,*,#765,.T.);
#992=ORIENTED_EDGE('',*,*,#743,.T.);
#993=ORIENTED_EDGE('',*,*,#766,.T.);
#994=ORIENTED_EDGE('',*,*,#767,.T.);
#995=ORIENTED_EDGE('',*,*,#768,.T.);
#996=ORIENTED_EDGE('',*,*,#742,.T.);
#997=ORIENTED_EDGE('',*,*,#769,.F.);
#998=ORIENTED_EDGE('',*,*,#770,.T.);
#999=ORIENTED_EDGE('',*,*,#766,.F.);
#1000=ORIENTED_EDGE('',*,*,#771,.F.);
#1001=ORIENTED_EDGE('',*,*,#772,.F.);
#1002=ORIENTED_EDGE('',*,*,#773,.F.);
#1003=ORIENTED_EDGE('',*,*,#762,.F.);
#1004=ORIENTED_EDGE('',*,*,#774,.F.);
#1005=ORIENTED_EDGE('',*,*,#767,.F.);
#1006=ORIENTED_EDGE('',*,*,#770,.F.);
#1007=ORIENTED_EDGE('',*,*,#775,.F.);
#1008=ORIENTED_EDGE('',*,*,#740,.T.);
#1009=ORIENTED_EDGE('',*,*,#768,.F.);
#1010=ORIENTED_EDGE('',*,*,#774,.T.);
#1011=ORIENTED_EDGE('',*,*,#776,.F.);
#1012=ORIENTED_EDGE('',*,*,#746,.T.);
#1013=ORIENTED_EDGE('',*,*,#761,.F.);
#1014=ORIENTED_EDGE('',*,*,#777,.F.);
#1015=ORIENTED_EDGE('',*,*,#778,.F.);
#1016=ORIENTED_EDGE('',*,*,#773,.T.);
#1017=ORIENTED_EDGE('',*,*,#779,.F.);
#1018=ORIENTED_EDGE('',*,*,#780,.T.);
#1019=ORIENTED_EDGE('',*,*,#763,.F.);
#1020=ORIENTED_EDGE('',*,*,#781,.F.);
#1021=ORIENTED_EDGE('',*,*,#782,.F.);
#1022=ORIENTED_EDGE('',*,*,#783,.F.);
#1023=ORIENTED_EDGE('',*,*,#755,.F.);
#1024=ORIENTED_EDGE('',*,*,#780,.F.);
#1025=ORIENTED_EDGE('',*,*,#784,.F.);
#1026=ORIENTED_EDGE('',*,*,#785,.F.);
#1027=ORIENTED_EDGE('',*,*,#764,.F.);
#1028=ORIENTED_EDGE('',*,*,#786,.F.);
#1029=ORIENTED_EDGE('',*,*,#757,.F.);
#1030=ORIENTED_EDGE('',*,*,#787,.T.);
#1031=ORIENTED_EDGE('',*,*,#788,.F.);
#1032=ORIENTED_EDGE('',*,*,#783,.T.);
#1033=ORIENTED_EDGE('',*,*,#789,.F.);
#1034=ORIENTED_EDGE('',*,*,#787,.F.);
#1035=ORIENTED_EDGE('',*,*,#756,.F.);
#1036=ORIENTED_EDGE('',*,*,#771,.T.);
#1037=ORIENTED_EDGE('',*,*,#765,.F.);
#1038=ORIENTED_EDGE('',*,*,#785,.T.);
#1039=ORIENTED_EDGE('',*,*,#790,.F.);
#1040=ORIENTED_EDGE('',*,*,#724,.T.);
#1041=ORIENTED_EDGE('',*,*,#707,.F.);
#1042=ORIENTED_EDGE('',*,*,#791,.F.);
#1043=ORIENTED_EDGE('',*,*,#737,.F.);
#1044=ORIENTED_EDGE('',*,*,#781,.T.);
#1045=ORIENTED_EDGE('',*,*,#754,.T.);
#1046=ORIENTED_EDGE('',*,*,#792,.T.);
#1047=ORIENTED_EDGE('',*,*,#793,.F.);
#1048=ORIENTED_EDGE('',*,*,#749,.T.);
#1049=ORIENTED_EDGE('',*,*,#794,.F.);
#1050=ORIENTED_EDGE('',*,*,#795,.F.);
#1051=ORIENTED_EDGE('',*,*,#751,.F.);
#1052=ORIENTED_EDGE('',*,*,#796,.F.);
#1053=ORIENTED_EDGE('',*,*,#797,.T.);
#1054=ORIENTED_EDGE('',*,*,#798,.F.);
#1055=ORIENTED_EDGE('',*,*,#797,.F.);
#1056=ORIENTED_EDGE('',*,*,#799,.F.);
#1057=ORIENTED_EDGE('',*,*,#800,.T.);
#1058=ORIENTED_EDGE('',*,*,#801,.F.);
#1059=ORIENTED_EDGE('',*,*,#800,.F.);
#1060=ORIENTED_EDGE('',*,*,#802,.F.);
#1061=ORIENTED_EDGE('',*,*,#803,.T.);
#1062=ORIENTED_EDGE('',*,*,#804,.F.);
#1063=ORIENTED_EDGE('',*,*,#803,.F.);
#1064=ORIENTED_EDGE('',*,*,#805,.F.);
#1065=ORIENTED_EDGE('',*,*,#806,.T.);
#1066=ORIENTED_EDGE('',*,*,#807,.F.);
#1067=ORIENTED_EDGE('',*,*,#806,.F.);
#1068=ORIENTED_EDGE('',*,*,#808,.F.);
#1069=ORIENTED_EDGE('',*,*,#809,.T.);
#1070=ORIENTED_EDGE('',*,*,#810,.F.);
#1071=ORIENTED_EDGE('',*,*,#809,.F.);
#1072=ORIENTED_EDGE('',*,*,#811,.F.);
#1073=ORIENTED_EDGE('',*,*,#812,.T.);
#1074=ORIENTED_EDGE('',*,*,#813,.F.);
#1075=ORIENTED_EDGE('',*,*,#812,.F.);
#1076=ORIENTED_EDGE('',*,*,#814,.F.);
#1077=ORIENTED_EDGE('',*,*,#815,.T.);
#1078=ORIENTED_EDGE('',*,*,#816,.F.);
#1079=ORIENTED_EDGE('',*,*,#815,.F.);
#1080=ORIENTED_EDGE('',*,*,#817,.F.);
#1081=ORIENTED_EDGE('',*,*,#818,.T.);
#1082=ORIENTED_EDGE('',*,*,#819,.F.);
#1083=ORIENTED_EDGE('',*,*,#818,.F.);
#1084=ORIENTED_EDGE('',*,*,#820,.F.);
#1085=ORIENTED_EDGE('',*,*,#821,.T.);
#1086=ORIENTED_EDGE('',*,*,#822,.F.);
#1087=ORIENTED_EDGE('',*,*,#821,.F.);
#1088=ORIENTED_EDGE('',*,*,#823,.F.);
#1089=ORIENTED_EDGE('',*,*,#824,.T.);
#1090=ORIENTED_EDGE('',*,*,#825,.F.);
#1091=ORIENTED_EDGE('',*,*,#824,.F.);
#1092=ORIENTED_EDGE('',*,*,#826,.F.);
#1093=ORIENTED_EDGE('',*,*,#827,.T.);
#1094=ORIENTED_EDGE('',*,*,#828,.F.);
#1095=ORIENTED_EDGE('',*,*,#827,.F.);
#1096=ORIENTED_EDGE('',*,*,#829,.F.);
#1097=ORIENTED_EDGE('',*,*,#830,.T.);
#1098=ORIENTED_EDGE('',*,*,#831,.F.);
#1099=ORIENTED_EDGE('',*,*,#830,.F.);
#1100=ORIENTED_EDGE('',*,*,#832,.T.);
#1101=ORIENTED_EDGE('',*,*,#833,.F.);
#1102=ORIENTED_EDGE('',*,*,#834,.T.);
#1103=ORIENTED_EDGE('',*,*,#835,.F.);
#1104=ORIENTED_EDGE('',*,*,#753,.F.);
#1105=ORIENTED_EDGE('',*,*,#836,.T.);
#1106=ORIENTED_EDGE('',*,*,#837,.F.);
#1107=ORIENTED_EDGE('',*,*,#838,.F.);
#1108=ORIENTED_EDGE('',*,*,#839,.F.);
#1109=ORIENTED_EDGE('',*,*,#840,.F.);
#1110=ORIENTED_EDGE('',*,*,#834,.F.);
#1111=ORIENTED_EDGE('',*,*,#836,.F.);
#1112=ORIENTED_EDGE('',*,*,#792,.F.);
#1113=ORIENTED_EDGE('',*,*,#838,.T.);
#1114=ORIENTED_EDGE('',*,*,#841,.F.);
#1115=ORIENTED_EDGE('',*,*,#842,.F.);
#1116=ORIENTED_EDGE('',*,*,#843,.F.);
#1117=ORIENTED_EDGE('',*,*,#842,.T.);
#1118=ORIENTED_EDGE('',*,*,#844,.F.);
#1119=ORIENTED_EDGE('',*,*,#840,.T.);
#1120=ORIENTED_EDGE('',*,*,#845,.T.);
#1121=ORIENTED_EDGE('',*,*,#835,.T.);
#1122=ORIENTED_EDGE('',*,*,#844,.T.);
#1123=ORIENTED_EDGE('',*,*,#846,.T.);
#1124=ORIENTED_EDGE('',*,*,#847,.T.);
#1125=ORIENTED_EDGE('',*,*,#848,.T.);
#1126=ORIENTED_EDGE('',*,*,#849,.T.);
#1127=ORIENTED_EDGE('',*,*,#850,.T.);
#1128=ORIENTED_EDGE('',*,*,#829,.T.);
#1129=ORIENTED_EDGE('',*,*,#826,.T.);
#1130=ORIENTED_EDGE('',*,*,#823,.T.);
#1131=ORIENTED_EDGE('',*,*,#820,.T.);
#1132=ORIENTED_EDGE('',*,*,#817,.T.);
#1133=ORIENTED_EDGE('',*,*,#814,.T.);
#1134=ORIENTED_EDGE('',*,*,#811,.T.);
#1135=ORIENTED_EDGE('',*,*,#808,.T.);
#1136=ORIENTED_EDGE('',*,*,#807,.T.);
#1137=ORIENTED_EDGE('',*,*,#804,.T.);
#1138=ORIENTED_EDGE('',*,*,#801,.T.);
#1139=ORIENTED_EDGE('',*,*,#798,.T.);
#1140=ORIENTED_EDGE('',*,*,#851,.T.);
#1141=ORIENTED_EDGE('',*,*,#846,.F.);
#1142=ORIENTED_EDGE('',*,*,#841,.T.);
#1143=ORIENTED_EDGE('',*,*,#852,.F.);
#1144=ORIENTED_EDGE('',*,*,#853,.T.);
#1145=ORIENTED_EDGE('',*,*,#852,.T.);
#1146=ORIENTED_EDGE('',*,*,#837,.T.);
#1147=ORIENTED_EDGE('',*,*,#833,.T.);
#1148=ORIENTED_EDGE('',*,*,#854,.T.);
#1149=ORIENTED_EDGE('',*,*,#855,.T.);
#1150=ORIENTED_EDGE('',*,*,#856,.T.);
#1151=ORIENTED_EDGE('',*,*,#857,.T.);
#1152=ORIENTED_EDGE('',*,*,#805,.T.);
#1153=ORIENTED_EDGE('',*,*,#802,.T.);
#1154=ORIENTED_EDGE('',*,*,#799,.T.);
#1155=ORIENTED_EDGE('',*,*,#796,.T.);
#1156=ORIENTED_EDGE('',*,*,#810,.T.);
#1157=ORIENTED_EDGE('',*,*,#813,.T.);
#1158=ORIENTED_EDGE('',*,*,#816,.T.);
#1159=ORIENTED_EDGE('',*,*,#819,.T.);
#1160=ORIENTED_EDGE('',*,*,#822,.T.);
#1161=ORIENTED_EDGE('',*,*,#825,.T.);
#1162=ORIENTED_EDGE('',*,*,#828,.T.);
#1163=ORIENTED_EDGE('',*,*,#831,.T.);
#1164=ORIENTED_EDGE('',*,*,#705,.F.);
#1165=ORIENTED_EDGE('',*,*,#858,.T.);
#1166=ORIENTED_EDGE('',*,*,#853,.F.);
#1167=ORIENTED_EDGE('',*,*,#859,.F.);
#1168=ORIENTED_EDGE('',*,*,#736,.F.);
#1169=ORIENTED_EDGE('',*,*,#860,.F.);
#1170=ORIENTED_EDGE('',*,*,#851,.F.);
#1171=ORIENTED_EDGE('',*,*,#858,.F.);
#1172=ORIENTED_EDGE('',*,*,#861,.F.);
#1173=ORIENTED_EDGE('',*,*,#859,.T.);
#1174=ORIENTED_EDGE('',*,*,#832,.F.);
#1175=ORIENTED_EDGE('',*,*,#862,.F.);
#1176=ORIENTED_EDGE('',*,*,#739,.F.);
#1177=ORIENTED_EDGE('',*,*,#862,.T.);
#1178=ORIENTED_EDGE('',*,*,#845,.F.);
#1179=ORIENTED_EDGE('',*,*,#860,.T.);
#1180=ORIENTED_EDGE('',*,*,#850,.F.);
#1181=ORIENTED_EDGE('',*,*,#863,.T.);
#1182=ORIENTED_EDGE('',*,*,#857,.F.);
#1183=ORIENTED_EDGE('',*,*,#863,.F.);
#1184=ORIENTED_EDGE('',*,*,#849,.F.);
#1185=ORIENTED_EDGE('',*,*,#864,.T.);
#1186=ORIENTED_EDGE('',*,*,#856,.F.);
#1187=ORIENTED_EDGE('',*,*,#864,.F.);
#1188=ORIENTED_EDGE('',*,*,#848,.F.);
#1189=ORIENTED_EDGE('',*,*,#865,.T.);
#1190=ORIENTED_EDGE('',*,*,#855,.F.);
#1191=ORIENTED_EDGE('',*,*,#865,.F.);
#1192=ORIENTED_EDGE('',*,*,#847,.F.);
#1193=ORIENTED_EDGE('',*,*,#866,.T.);
#1194=ORIENTED_EDGE('',*,*,#854,.F.);
#1195=ORIENTED_EDGE('',*,*,#866,.F.);
#1196=ORIENTED_EDGE('',*,*,#795,.T.);
#1197=ORIENTED_EDGE('',*,*,#867,.F.);
#1198=ORIENTED_EDGE('',*,*,#839,.T.);
#1199=ORIENTED_EDGE('',*,*,#752,.F.);
#1200=ORIENTED_EDGE('',*,*,#791,.T.);
#1201=ORIENTED_EDGE('',*,*,#706,.T.);
#1202=ORIENTED_EDGE('',*,*,#861,.T.);
#1203=ORIENTED_EDGE('',*,*,#738,.F.);
#1204=ORIENTED_EDGE('',*,*,#786,.T.);
#1205=ORIENTED_EDGE('',*,*,#868,.F.);
#1206=ORIENTED_EDGE('',*,*,#869,.F.);
#1207=ORIENTED_EDGE('',*,*,#758,.T.);
#1208=ORIENTED_EDGE('',*,*,#747,.T.);
#1209=ORIENTED_EDGE('',*,*,#778,.T.);
#1210=ORIENTED_EDGE('',*,*,#870,.T.);
#1211=ORIENTED_EDGE('',*,*,#871,.T.);
#1212=ORIENTED_EDGE('',*,*,#868,.T.);
#1213=ORIENTED_EDGE('',*,*,#788,.T.);
#1214=ORIENTED_EDGE('',*,*,#789,.T.);
#1215=ORIENTED_EDGE('',*,*,#782,.T.);
#1216=ORIENTED_EDGE('',*,*,#793,.T.);
#1217=ORIENTED_EDGE('',*,*,#843,.T.);
#1218=ORIENTED_EDGE('',*,*,#867,.T.);
#1219=ORIENTED_EDGE('',*,*,#794,.T.);
#1220=ORIENTED_EDGE('',*,*,#748,.T.);
#1221=ORIENTED_EDGE('',*,*,#776,.T.);
#1222=ORIENTED_EDGE('',*,*,#775,.T.);
#1223=ORIENTED_EDGE('',*,*,#769,.T.);
#1224=ORIENTED_EDGE('',*,*,#741,.T.);
#1225=ORIENTED_EDGE('',*,*,#790,.T.);
#1226=ORIENTED_EDGE('',*,*,#784,.T.);
#1227=ORIENTED_EDGE('',*,*,#779,.T.);
#1228=ORIENTED_EDGE('',*,*,#772,.T.);
#1229=ORIENTED_EDGE('',*,*,#777,.T.);
#1230=ORIENTED_EDGE('',*,*,#760,.F.);
#1231=ORIENTED_EDGE('',*,*,#872,.F.);
#1232=ORIENTED_EDGE('',*,*,#870,.F.);
#1233=ORIENTED_EDGE('',*,*,#872,.T.);
#1234=ORIENTED_EDGE('',*,*,#759,.F.);
#1235=ORIENTED_EDGE('',*,*,#869,.T.);
#1236=ORIENTED_EDGE('',*,*,#871,.F.);
#1237=PLANE('',#1355);
#1238=PLANE('',#1356);
#1239=PLANE('',#1357);
#1240=PLANE('',#1358);
#1241=PLANE('',#1359);
#1242=PLANE('',#1360);
#1243=PLANE('',#1361);
#1244=PLANE('',#1362);
#1245=PLANE('',#1363);
#1246=PLANE('',#1364);
#1247=PLANE('',#1365);
#1248=PLANE('',#1366);
#1249=PLANE('',#1367);
#1250=PLANE('',#1368);
#1251=PLANE('',#1369);
#1252=PLANE('',#1370);
#1253=PLANE('',#1371);
#1254=PLANE('',#1372);
#1255=PLANE('',#1373);
#1256=PLANE('',#1374);
#1257=PLANE('',#1375);
#1258=PLANE('',#1376);
#1259=PLANE('',#1377);
#1260=PLANE('',#1378);
#1261=PLANE('',#1379);
#1262=PLANE('',#1380);
#1263=PLANE('',#1381);
#1264=PLANE('',#1382);
#1265=PLANE('',#1383);
#1266=PLANE('',#1384);
#1267=PLANE('',#1385);
#1268=PLANE('',#1386);
#1269=PLANE('',#1387);
#1270=PLANE('',#1388);
#1271=PLANE('',#1425);
#1272=PLANE('',#1429);
#1273=PLANE('',#1431);
#1274=PLANE('',#1434);
#1275=PLANE('',#1439);
#1276=PLANE('',#1440);
#1277=PLANE('',#1448);
#1278=PLANE('',#1450);
#1279=PLANE('',#1457);
#1280=PLANE('',#1458);
#1281=PLANE('',#1459);
#1282=PLANE('',#1460);
#1283=PLANE('',#1461);
#1284=PLANE('',#1462);
#1285=ADVANCED_FACE('',(#115),#1237,.F.);
#1286=ADVANCED_FACE('',(#116),#1238,.F.);
#1287=ADVANCED_FACE('',(#117),#1239,.T.);
#1288=ADVANCED_FACE('',(#118,#75,#76),#1240,.T.);
#1289=ADVANCED_FACE('',(#119),#1241,.T.);
#1290=ADVANCED_FACE('',(#120),#1242,.F.);
#1291=ADVANCED_FACE('',(#121),#1243,.F.);
#1292=ADVANCED_FACE('',(#122),#1244,.T.);
#1293=ADVANCED_FACE('',(#123),#1245,.T.);
#1294=ADVANCED_FACE('',(#124),#1246,.T.);
#1295=ADVANCED_FACE('',(#125),#1247,.F.);
#1296=ADVANCED_FACE('',(#126),#1248,.T.);
#1297=ADVANCED_FACE('',(#127),#1249,.T.);
#1298=ADVANCED_FACE('',(#128),#1250,.T.);
#1299=ADVANCED_FACE('',(#129),#1251,.T.);
#1300=ADVANCED_FACE('',(#130,#77,#78),#1252,.T.);
#1301=ADVANCED_FACE('',(#131),#1253,.F.);
#1302=ADVANCED_FACE('',(#132),#1254,.F.);
#1303=ADVANCED_FACE('',(#133),#1255,.T.);
#1304=ADVANCED_FACE('',(#134,#79,#80),#1256,.F.);
#1305=ADVANCED_FACE('',(#135),#1257,.T.);
#1306=ADVANCED_FACE('',(#136),#1258,.F.);
#1307=ADVANCED_FACE('',(#137),#1259,.F.);
#1308=ADVANCED_FACE('',(#138),#1260,.T.);
#1309=ADVANCED_FACE('',(#139),#1261,.T.);
#1310=ADVANCED_FACE('',(#140),#1262,.T.);
#1311=ADVANCED_FACE('',(#141),#1263,.F.);
#1312=ADVANCED_FACE('',(#142),#1264,.F.);
#1313=ADVANCED_FACE('',(#143),#1265,.F.);
#1314=ADVANCED_FACE('',(#144),#1266,.F.);
#1315=ADVANCED_FACE('',(#145),#1267,.T.);
#1316=ADVANCED_FACE('',(#146),#1268,.T.);
#1317=ADVANCED_FACE('',(#147),#1269,.T.);
#1318=ADVANCED_FACE('',(#148),#1270,.T.);
#1319=ADVANCED_FACE('',(#149),#55,.F.);
#1320=ADVANCED_FACE('',(#150),#56,.F.);
#1321=ADVANCED_FACE('',(#151),#57,.F.);
#1322=ADVANCED_FACE('',(#152),#58,.F.);
#1323=ADVANCED_FACE('',(#153),#59,.F.);
#1324=ADVANCED_FACE('',(#154),#60,.F.);
#1325=ADVANCED_FACE('',(#155),#61,.F.);
#1326=ADVANCED_FACE('',(#156),#62,.F.);
#1327=ADVANCED_FACE('',(#157),#63,.F.);
#1328=ADVANCED_FACE('',(#158),#64,.F.);
#1329=ADVANCED_FACE('',(#159),#65,.F.);
#1330=ADVANCED_FACE('',(#160),#66,.F.);
#1331=ADVANCED_FACE('',(#161),#1271,.T.);
#1332=ADVANCED_FACE('',(#162),#67,.F.);
#1333=ADVANCED_FACE('',(#163),#1272,.T.);
#1334=ADVANCED_FACE('',(#164),#1273,.T.);
#1335=ADVANCED_FACE('',(#165),#68,.T.);
#1336=ADVANCED_FACE('',(#166,#81,#82,#83,#84,#85,#86,#87,#88,#89,#90,#91,
#92,#93,#94,#95,#96),#1274,.F.);
#1337=ADVANCED_FACE('',(#167),#1275,.T.);
#1338=ADVANCED_FACE('',(#168,#97,#98,#99,#100,#101,#102,#103,#104,#105,
#106,#107,#108,#109,#110,#111,#112),#1276,.T.);
#1339=ADVANCED_FACE('',(#169),#69,.F.);
#1340=ADVANCED_FACE('',(#170),#1277,.T.);
#1341=ADVANCED_FACE('',(#171),#1278,.T.);
#1342=ADVANCED_FACE('',(#172),#70,.T.);
#1343=ADVANCED_FACE('',(#173),#71,.F.);
#1344=ADVANCED_FACE('',(#174),#72,.F.);
#1345=ADVANCED_FACE('',(#175),#73,.F.);
#1346=ADVANCED_FACE('',(#176),#74,.F.);
#1347=ADVANCED_FACE('',(#177),#1279,.T.);
#1348=ADVANCED_FACE('',(#178),#1280,.T.);
#1349=ADVANCED_FACE('',(#179),#1281,.T.);
#1350=ADVANCED_FACE('',(#180,#113,#114),#1282,.T.);
#1351=ADVANCED_FACE('',(#181),#1283,.T.);
#1352=ADVANCED_FACE('',(#182),#1284,.T.);
#1353=CLOSED_SHELL('',(#1285,#1286,#1287,#1288,#1289,#1290,#1291,#1292,
#1293,#1294,#1295,#1296,#1297,#1298,#1299,#1300,#1301,#1302,#1303,#1304,
#1305,#1306,#1307,#1308,#1309,#1310,#1311,#1312,#1313,#1314,#1315,#1316,
#1317,#1318,#1319,#1320,#1321,#1322,#1323,#1324,#1325,#1326,#1327,#1328,
#1329,#1330,#1331,#1332,#1333,#1334,#1335,#1336,#1337,#1338,#1339,#1340,
#1341,#1342,#1343,#1344,#1345,#1346,#1347,#1348,#1349,#1350,#1351,#1352));
#1354=AXIS2_PLACEMENT_3D('',#1823,#1463,#1464);
#1355=AXIS2_PLACEMENT_3D('',#1824,#1465,#1466);
#1356=AXIS2_PLACEMENT_3D('',#1833,#1471,#1472);
#1357=AXIS2_PLACEMENT_3D('',#1842,#1477,#1478);
#1358=AXIS2_PLACEMENT_3D('',#1848,#1482,#1483);
#1359=AXIS2_PLACEMENT_3D('',#1875,#1498,#1499);
#1360=AXIS2_PLACEMENT_3D('',#1879,#1502,#1503);
#1361=AXIS2_PLACEMENT_3D('',#1885,#1507,#1508);
#1362=AXIS2_PLACEMENT_3D('',#1889,#1511,#1512);
#1363=AXIS2_PLACEMENT_3D('',#1891,#1514,#1515);
#1364=AXIS2_PLACEMENT_3D('',#1895,#1518,#1519);
#1365=AXIS2_PLACEMENT_3D('',#1899,#1522,#1523);
#1366=AXIS2_PLACEMENT_3D('',#1903,#1526,#1527);
#1367=AXIS2_PLACEMENT_3D('',#1905,#1529,#1530);
#1368=AXIS2_PLACEMENT_3D('',#1911,#1534,#1535);
#1369=AXIS2_PLACEMENT_3D('',#1913,#1537,#1538);
#1370=AXIS2_PLACEMENT_3D('',#1917,#1541,#1542);
#1371=AXIS2_PLACEMENT_3D('',#1923,#1546,#1547);
#1372=AXIS2_PLACEMENT_3D('',#1932,#1552,#1553);
#1373=AXIS2_PLACEMENT_3D('',#1941,#1558,#1559);
#1374=AXIS2_PLACEMENT_3D('',#1947,#1563,#1564);
#1375=AXIS2_PLACEMENT_3D('',#1982,#1583,#1584);
#1376=AXIS2_PLACEMENT_3D('',#1986,#1587,#1588);
#1377=AXIS2_PLACEMENT_3D('',#1992,#1592,#1593);
#1378=AXIS2_PLACEMENT_3D('',#1996,#1596,#1597);
#1379=AXIS2_PLACEMENT_3D('',#1998,#1599,#1600);
#1380=AXIS2_PLACEMENT_3D('',#2002,#1603,#1604);
#1381=AXIS2_PLACEMENT_3D('',#2006,#1607,#1608);
#1382=AXIS2_PLACEMENT_3D('',#2012,#1612,#1613);
#1383=AXIS2_PLACEMENT_3D('',#2016,#1616,#1617);
#1384=AXIS2_PLACEMENT_3D('',#2022,#1621,#1622);
#1385=AXIS2_PLACEMENT_3D('',#2024,#1624,#1625);
#1386=AXIS2_PLACEMENT_3D('',#2026,#1627,#1628);
#1387=AXIS2_PLACEMENT_3D('',#2028,#1630,#1631);
#1388=AXIS2_PLACEMENT_3D('',#2032,#1634,#1635);
#1389=AXIS2_PLACEMENT_3D('',#2036,#1638,#1639);
#1390=AXIS2_PLACEMENT_3D('',#2038,#1640,#1641);
#1391=AXIS2_PLACEMENT_3D('',#2041,#1643,#1644);
#1392=AXIS2_PLACEMENT_3D('',#2042,#1645,#1646);
#1393=AXIS2_PLACEMENT_3D('',#2044,#1647,#1648);
#1394=AXIS2_PLACEMENT_3D('',#2047,#1650,#1651);
#1395=AXIS2_PLACEMENT_3D('',#2048,#1652,#1653);
#1396=AXIS2_PLACEMENT_3D('',#2050,#1654,#1655);
#1397=AXIS2_PLACEMENT_3D('',#2053,#1657,#1658);
#1398=AXIS2_PLACEMENT_3D('',#2054,#1659,#1660);
#1399=AXIS2_PLACEMENT_3D('',#2056,#1661,#1662);
#1400=AXIS2_PLACEMENT_3D('',#2059,#1664,#1665);
#1401=AXIS2_PLACEMENT_3D('',#2060,#1666,#1667);
#1402=AXIS2_PLACEMENT_3D('',#2062,#1668,#1669);
#1403=AXIS2_PLACEMENT_3D('',#2065,#1671,#1672);
#1404=AXIS2_PLACEMENT_3D('',#2066,#1673,#1674);
#1405=AXIS2_PLACEMENT_3D('',#2068,#1675,#1676);
#1406=AXIS2_PLACEMENT_3D('',#2071,#1678,#1679);
#1407=AXIS2_PLACEMENT_3D('',#2072,#1680,#1681);
#1408=AXIS2_PLACEMENT_3D('',#2074,#1682,#1683);
#1409=AXIS2_PLACEMENT_3D('',#2077,#1685,#1686);
#1410=AXIS2_PLACEMENT_3D('',#2078,#1687,#1688);
#1411=AXIS2_PLACEMENT_3D('',#2080,#1689,#1690);
#1412=AXIS2_PLACEMENT_3D('',#2083,#1692,#1693);
#1413=AXIS2_PLACEMENT_3D('',#2084,#1694,#1695);
#1414=AXIS2_PLACEMENT_3D('',#2086,#1696,#1697);
#1415=AXIS2_PLACEMENT_3D('',#2089,#1699,#1700);
#1416=AXIS2_PLACEMENT_3D('',#2090,#1701,#1702);
#1417=AXIS2_PLACEMENT_3D('',#2092,#1703,#1704);
#1418=AXIS2_PLACEMENT_3D('',#2095,#1706,#1707);
#1419=AXIS2_PLACEMENT_3D('',#2096,#1708,#1709);
#1420=AXIS2_PLACEMENT_3D('',#2098,#1710,#1711);
#1421=AXIS2_PLACEMENT_3D('',#2101,#1713,#1714);
#1422=AXIS2_PLACEMENT_3D('',#2102,#1715,#1716);
#1423=AXIS2_PLACEMENT_3D('',#2104,#1717,#1718);
#1424=AXIS2_PLACEMENT_3D('',#2107,#1720,#1721);
#1425=AXIS2_PLACEMENT_3D('',#2108,#1722,#1723);
#1426=AXIS2_PLACEMENT_3D('',#2117,#1728,#1729);
#1427=AXIS2_PLACEMENT_3D('',#2118,#1730,#1731);
#1428=AXIS2_PLACEMENT_3D('',#2121,#1733,#1734);
#1429=AXIS2_PLACEMENT_3D('',#2122,#1735,#1736);
#1430=AXIS2_PLACEMENT_3D('',#2125,#1738,#1739);
#1431=AXIS2_PLACEMENT_3D('',#2126,#1740,#1741);
#1432=AXIS2_PLACEMENT_3D('',#2129,#1743,#1744);
#1433=AXIS2_PLACEMENT_3D('',#2130,#1745,#1746);
#1434=AXIS2_PLACEMENT_3D('',#2133,#1749,#1750);
#1435=AXIS2_PLACEMENT_3D('',#2138,#1753,#1754);
#1436=AXIS2_PLACEMENT_3D('',#2140,#1755,#1756);
#1437=AXIS2_PLACEMENT_3D('',#2142,#1757,#1758);
#1438=AXIS2_PLACEMENT_3D('',#2144,#1759,#1760);
#1439=AXIS2_PLACEMENT_3D('',#2145,#1761,#1762);
#1440=AXIS2_PLACEMENT_3D('',#2149,#1765,#1766);
#1441=AXIS2_PLACEMENT_3D('',#2152,#1768,#1769);
#1442=AXIS2_PLACEMENT_3D('',#2154,#1770,#1771);
#1443=AXIS2_PLACEMENT_3D('',#2156,#1772,#1773);
#1444=AXIS2_PLACEMENT_3D('',#2158,#1774,#1775);
#1445=AXIS2_PLACEMENT_3D('',#2159,#1776,#1777);
#1446=AXIS2_PLACEMENT_3D('',#2160,#1778,#1779);
#1447=AXIS2_PLACEMENT_3D('',#2161,#1780,#1781);
#1448=AXIS2_PLACEMENT_3D('',#2162,#1782,#1783);
#1449=AXIS2_PLACEMENT_3D('',#2163,#1784,#1785);
#1450=AXIS2_PLACEMENT_3D('',#2164,#1786,#1787);
#1451=AXIS2_PLACEMENT_3D('',#2166,#1789,#1790);
#1452=AXIS2_PLACEMENT_3D('',#2167,#1791,#1792);
#1453=AXIS2_PLACEMENT_3D('',#2168,#1793,#1794);
#1454=AXIS2_PLACEMENT_3D('',#2170,#1796,#1797);
#1455=AXIS2_PLACEMENT_3D('',#2172,#1799,#1800);
#1456=AXIS2_PLACEMENT_3D('',#2174,#1802,#1803);
#1457=AXIS2_PLACEMENT_3D('',#2176,#1805,#1806);
#1458=AXIS2_PLACEMENT_3D('',#2178,#1808,#1809);
#1459=AXIS2_PLACEMENT_3D('',#2179,#1810,#1811);
#1460=AXIS2_PLACEMENT_3D('',#2183,#1814,#1815);
#1461=AXIS2_PLACEMENT_3D('',#2187,#1818,#1819);
#1462=AXIS2_PLACEMENT_3D('',#2189,#1821,#1822);
#1463=DIRECTION('axis',(0.,0.,1.));
#1464=DIRECTION('refdir',(1.,0.,0.));
#1465=DIRECTION('center_axis',(0.,1.,0.));
#1466=DIRECTION('ref_axis',(-1.,0.,0.));
#1467=DIRECTION('',(1.,0.,-8.95293392293404E-18));
#1468=DIRECTION('',(0.,0.,1.));
#1469=DIRECTION('',(-1.,0.,8.95293392293397E-18));
#1470=DIRECTION('',(0.,0.,-1.));
#1471=DIRECTION('center_axis',(0.,-1.,0.));
#1472=DIRECTION('ref_axis',(1.,0.,0.));
#1473=DIRECTION('',(-1.,0.,8.95293392293404E-18));
#1474=DIRECTION('',(0.,0.,1.));
#1475=DIRECTION('',(1.,0.,-8.95293392293397E-18));
#1476=DIRECTION('',(0.,0.,-1.));
#1477=DIRECTION('center_axis',(-8.8863349298787E-18,0.121746638136413,-0.992561210254804));
#1478=DIRECTION('ref_axis',(-1.,0.,8.95293392293404E-18));
#1479=DIRECTION('',(5.75396350834806E-16,-0.992561210254804,-0.121746638136413));
#1480=DIRECTION('',(-1.,-5.7219797976386E-16,-6.12323399573677E-17));
#1481=DIRECTION('',(-5.71668935067288E-16,0.992561210254804,0.121746638136413));
#1482=DIRECTION('center_axis',(1.,5.7219797976386E-16,3.06161699786838E-17));
#1483=DIRECTION('ref_axis',(3.06161699786842E-17,-5.7219797976386E-16,-1.));
#1484=DIRECTION('',(4.16915214725064E-17,-0.125942269907821,0.992037572196974));
#1485=DIRECTION('',(5.7219797976386E-16,-1.,-5.72197979763861E-16));
#1486=DIRECTION('',(-3.2570028603088E-31,5.7219797976386E-16,-1.));
#1487=DIRECTION('',(-5.7219797976386E-16,1.,-1.94523606662615E-48));
#1488=DIRECTION('',(-3.2570028603088E-31,5.7219797976386E-16,-1.));
#1489=DIRECTION('',(4.16915214725064E-17,-0.125942269907821,0.992037572196974));
#1490=DIRECTION('',(5.71668935067288E-16,-0.992561210254804,-0.121746638136413));
#1491=DIRECTION('',(0.,0.,-1.));
#1492=DIRECTION('',(5.71668935067288E-16,-0.992561210254804,-0.121746638136413));
#1493=DIRECTION('',(0.,0.,1.));
#1494=DIRECTION('',(-5.71668935067288E-16,0.992561210254804,0.121746638136413));
#1495=DIRECTION('',(5.71668935067288E-16,-0.992561210254804,-0.121746638136413));
#1496=DIRECTION('',(0.,0.,1.));
#1497=DIRECTION('',(-5.71668935067288E-16,0.992561210254804,0.121746638136413));
#1498=DIRECTION('center_axis',(8.88633492987864E-18,-0.121746638136413,
0.992561210254804));
#1499=DIRECTION('ref_axis',(1.,0.,-8.95293392293397E-18));
#1500=DIRECTION('',(-5.75396350834806E-16,0.992561210254804,0.121746638136413));
#1501=DIRECTION('',(1.,0.,-8.95293392293397E-18));
#1502=DIRECTION('center_axis',(0.,1.,0.));
#1503=DIRECTION('ref_axis',(1.,0.,0.));
#1504=DIRECTION('',(1.,0.,-8.95293392293404E-18));
#1505=DIRECTION('',(0.,0.,1.));
#1506=DIRECTION('',(-1.,0.,8.95293392293397E-18));
#1507=DIRECTION('center_axis',(0.,-1.,0.));
#1508=DIRECTION('ref_axis',(-1.,0.,0.));
#1509=DIRECTION('',(-1.,0.,8.95293392293404E-18));
#1510=DIRECTION('',(0.,0.,-1.));
#1511=DIRECTION('center_axis',(-8.8863349298787E-18,0.121746638136413,-0.992561210254804));
#1512=DIRECTION('ref_axis',(-1.,0.,8.95293392293404E-18));
#1513=DIRECTION('',(5.75396350834806E-16,-0.992561210254804,-0.121746638136413));
#1514=DIRECTION('center_axis',(8.88633492987864E-18,-0.121746638136413,
0.992561210254804));
#1515=DIRECTION('ref_axis',(1.,0.,-8.95293392293397E-18));
#1516=DIRECTION('',(1.,5.7219797976386E-16,6.12323399573676E-17));
#1517=DIRECTION('',(-5.75396350834806E-16,0.992561210254804,0.121746638136413));
#1518=DIRECTION('center_axis',(8.88633492987864E-18,-0.121746638136413,
0.992561210254804));
#1519=DIRECTION('ref_axis',(1.,0.,-8.95293392293397E-18));
#1520=DIRECTION('',(-5.75396350834806E-16,0.992561210254804,0.121746638136413));
#1521=DIRECTION('',(1.,-5.46369598732849E-16,-7.59701225239161E-17));
#1522=DIRECTION('center_axis',(-5.46369598732849E-16,-1.,0.));
#1523=DIRECTION('ref_axis',(1.,-5.46369598732849E-16,0.));
#1524=DIRECTION('',(0.,0.,-1.));
#1525=DIRECTION('',(-1.,5.46369598732849E-16,7.59701225239162E-17));
#1526=DIRECTION('center_axis',(-8.8863349298787E-18,0.121746638136413,-0.992561210254804));
#1527=DIRECTION('ref_axis',(-1.,0.,8.95293392293404E-18));
#1528=DIRECTION('',(5.75396350834806E-16,-0.992561210254804,-0.121746638136413));
#1529=DIRECTION('center_axis',(-6.12323399573673E-17,-5.72197979763861E-16,
1.));
#1530=DIRECTION('ref_axis',(-5.7219797976386E-16,1.,5.72197979763861E-16));
#1531=DIRECTION('',(-1.,-5.7219797976386E-16,-6.12323399573677E-17));
#1532=DIRECTION('',(-5.7219797976386E-16,1.,5.72197979763861E-16));
#1533=DIRECTION('',(-1.,-5.7219797976386E-16,-6.12323399573677E-17));
#1534=DIRECTION('center_axis',(-5.75353634546951E-16,0.992037572196974,
0.125942269907821));
#1535=DIRECTION('ref_axis',(0.,-0.125942269907821,0.992037572196974));
#1536=DIRECTION('',(-1.1319130536883E-17,0.125942269907821,-0.992037572196974));
#1537=DIRECTION('center_axis',(5.7219797976386E-16,-1.,-5.7219797976386E-16));
#1538=DIRECTION('ref_axis',(3.20474742746036E-31,-5.7219797976386E-16,1.));
#1539=DIRECTION('',(3.2570028603088E-31,-5.7219797976386E-16,1.));
#1540=DIRECTION('',(1.,5.7219797976386E-16,6.12323399573677E-17));
#1541=DIRECTION('center_axis',(-1.,-5.7219797976386E-16,-6.12323399573677E-17));
#1542=DIRECTION('ref_axis',(-6.1232339957368E-17,5.7219797976386E-16,1.));
#1543=DIRECTION('',(-1.1319130536883E-17,0.125942269907821,-0.992037572196974));
#1544=DIRECTION('',(6.12323399573677E-17,0.,-1.));
#1545=DIRECTION('',(5.7219797976386E-16,-1.,0.));
#1546=DIRECTION('center_axis',(0.,1.,0.));
#1547=DIRECTION('ref_axis',(1.,0.,4.73316543132607E-30));
#1548=DIRECTION('',(-1.,0.,5.39030285815812E-15));
#1549=DIRECTION('',(4.73316543132607E-30,0.,-1.));
#1550=DIRECTION('',(1.,0.,-5.39030285815812E-15));
#1551=DIRECTION('',(-4.73316543132607E-30,0.,1.));
#1552=DIRECTION('center_axis',(0.,-1.,0.));
#1553=DIRECTION('ref_axis',(-1.,0.,-4.73316543132607E-30));
#1554=DIRECTION('',(1.,0.,-5.39030285815812E-15));
#1555=DIRECTION('',(4.73316543132607E-30,0.,-1.));
#1556=DIRECTION('',(-1.,0.,5.39030285815812E-15));
#1557=DIRECTION('',(-4.73316543132607E-30,0.,1.));
#1558=DIRECTION('center_axis',(5.35023263789494E-15,-0.121705628993302,
0.992566239538372));
#1559=DIRECTION('ref_axis',(1.,0.,-5.39030285815812E-15));
#1560=DIRECTION('',(-6.56030199816527E-16,-0.992566239538372,-0.121705628993302));
#1561=DIRECTION('',(1.,9.86085119009456E-32,-5.39030285815812E-15));
#1562=DIRECTION('',(6.52304039591906E-16,0.992566239538372,0.121705628993302));
#1563=DIRECTION('center_axis',(1.,0.,-5.35968668817944E-15));
#1564=DIRECTION('ref_axis',(-5.35968668817944E-15,0.,-1.));
#1565=DIRECTION('',(-5.31701056987796E-15,0.125942269907822,-0.992037572196974));
#1566=DIRECTION('',(-5.32907051820075E-15,0.,-1.));
#1567=DIRECTION('',(0.,-1.,0.));
#1568=DIRECTION('',(-5.32907051820075E-15,0.,-1.));
#1569=DIRECTION('',(0.,-1.,0.));
#1570=DIRECTION('',(-3.01856960056847E-16,0.,1.));
#1571=DIRECTION('',(0.,1.,0.));
#1572=DIRECTION('',(-5.32907051820075E-15,0.,-1.));
#1573=DIRECTION('',(0.,1.,0.));
#1574=DIRECTION('',(-5.31701056987796E-15,0.125942269907822,-0.992037572196974));
#1575=DIRECTION('',(-6.52304039591906E-16,-0.992566239538372,-0.121705628993302));
#1576=DIRECTION('',(-1.57772181044202E-30,0.,1.));
#1577=DIRECTION('',(-6.52304039591906E-16,-0.992566239538372,-0.121705628993302));
#1578=DIRECTION('',(3.01856960056847E-16,0.,-1.));
#1579=DIRECTION('',(6.52304039591906E-16,0.992566239538372,0.121705628993302));
#1580=DIRECTION('',(-6.52304039591906E-16,-0.992566239538372,-0.121705628993302));
#1581=DIRECTION('',(1.57772181044202E-30,0.,-1.));
#1582=DIRECTION('',(6.52304039591906E-16,0.992566239538372,0.121705628993302));
#1583=DIRECTION('center_axis',(-5.35023263789494E-15,0.121705628993302,
-0.992566239538372));
#1584=DIRECTION('ref_axis',(-1.,0.,5.39030285815812E-15));
#1585=DIRECTION('',(6.56030199816528E-16,0.992566239538372,0.121705628993302));
#1586=DIRECTION('',(-1.,0.,5.39030285815812E-15));
#1587=DIRECTION('center_axis',(0.,1.,0.));
#1588=DIRECTION('ref_axis',(-1.,0.,-1.57772181044202E-30));
#1589=DIRECTION('',(-1.,0.,5.39030285815812E-15));
#1590=DIRECTION('',(1.57772181044202E-30,0.,-1.));
#1591=DIRECTION('',(1.,0.,-5.39030285815812E-15));
#1592=DIRECTION('center_axis',(0.,-1.,0.));
#1593=DIRECTION('ref_axis',(1.,0.,1.57772181044202E-30));
#1594=DIRECTION('',(1.,0.,-5.39030285815812E-15));
#1595=DIRECTION('',(-1.57772181044202E-30,0.,1.));
#1596=DIRECTION('center_axis',(5.35023263789494E-15,-0.121705628993302,
0.992566239538372));
#1597=DIRECTION('ref_axis',(1.,0.,-5.39030285815812E-15));
#1598=DIRECTION('',(-6.56030199816527E-16,-0.992566239538372,-0.121705628993302));
#1599=DIRECTION('center_axis',(-5.35023263789494E-15,0.121705628993302,
-0.992566239538372));
#1600=DIRECTION('ref_axis',(-1.,0.,5.39030285815812E-15));
#1601=DIRECTION('',(-1.,-9.86085119009456E-32,5.39030285815812E-15));
#1602=DIRECTION('',(6.56030199816528E-16,0.992566239538372,0.121705628993302));
#1603=DIRECTION('center_axis',(-5.35023263789494E-15,0.121705628993302,
-0.992566239538372));
#1604=DIRECTION('ref_axis',(-1.,0.,5.39030285815812E-15));
#1605=DIRECTION('',(6.56030199816528E-16,0.992566239538372,0.121705628993302));
#1606=DIRECTION('',(-1.,0.,5.39030285815812E-15));
#1607=DIRECTION('center_axis',(-3.01856960056847E-16,0.,1.));
#1608=DIRECTION('ref_axis',(-1.,0.,-3.01856960056847E-16));
#1609=DIRECTION('',(-1.,0.,-3.01856960056847E-16));
#1610=DIRECTION('',(0.,1.,0.));
#1611=DIRECTION('',(1.,0.,3.01856960056847E-16));
#1612=DIRECTION('center_axis',(0.,-1.,0.));
#1613=DIRECTION('ref_axis',(-1.,0.,-3.01856960056847E-16));
#1614=DIRECTION('',(-3.01856960056847E-16,0.,1.));
#1615=DIRECTION('',(1.,0.,-5.39030285815812E-15));
#1616=DIRECTION('center_axis',(3.01856960056847E-16,0.,-1.));
#1617=DIRECTION('ref_axis',(1.,0.,3.01856960056847E-16));
#1618=DIRECTION('',(1.,0.,3.01856960056847E-16));
#1619=DIRECTION('',(1.,0.,3.01856960056847E-16));
#1620=DIRECTION('',(0.,-1.,0.));
#1621=DIRECTION('center_axis',(0.,1.,0.));
#1622=DIRECTION('ref_axis',(1.,0.,3.01856960056847E-16));
#1623=DIRECTION('',(3.01856960056847E-16,0.,-1.));
#1624=DIRECTION('center_axis',(5.35023263789494E-15,-0.121705628993302,
0.992566239538372));
#1625=DIRECTION('ref_axis',(1.,0.,-5.39030285815812E-15));
#1626=DIRECTION('',(-6.56030199816527E-16,-0.992566239538372,-0.121705628993302));
#1627=DIRECTION('center_axis',(-5.75353634546951E-16,0.992037572196974,
0.125942269907821));
#1628=DIRECTION('ref_axis',(0.,-0.125942269907821,0.992037572196974));
#1629=DIRECTION('',(1.,5.7219797976386E-16,6.12323399573676E-17));
#1630=DIRECTION('center_axis',(0.,-1.,0.));
#1631=DIRECTION('ref_axis',(-5.39030285815812E-15,0.,-1.));
#1632=DIRECTION('',(1.,0.,-5.39030285815812E-15));
#1633=DIRECTION('',(-5.39030285815812E-15,0.,-1.));
#1634=DIRECTION('center_axis',(6.78866977447052E-16,0.992037572196974,0.125942269907822));
#1635=DIRECTION('ref_axis',(0.,-0.125942269907822,0.992037572196974));
#1636=DIRECTION('',(5.34738296081359E-15,-0.125942269907822,0.992037572196974));
#1637=DIRECTION('',(1.,0.,-5.39030285815812E-15));
#1638=DIRECTION('center_axis',(0.,0.,1.));
#1639=DIRECTION('ref_axis',(1.,0.,0.));
#1640=DIRECTION('center_axis',(0.,0.,-1.));
#1641=DIRECTION('ref_axis',(1.,0.,0.));
#1642=DIRECTION('',(0.,0.,-1.));
#1643=DIRECTION('center_axis',(0.,0.,1.));
#1644=DIRECTION('ref_axis',(1.,0.,0.));
#1645=DIRECTION('center_axis',(0.,0.,1.));
#1646=DIRECTION('ref_axis',(1.,0.,0.));
#1647=DIRECTION('center_axis',(0.,0.,-1.));
#1648=DIRECTION('ref_axis',(1.,0.,0.));
#1649=DIRECTION('',(0.,0.,-1.));
#1650=DIRECTION('center_axis',(0.,0.,1.));
#1651=DIRECTION('ref_axis',(1.,0.,0.));
#1652=DIRECTION('center_axis',(0.,0.,1.));
#1653=DIRECTION('ref_axis',(1.,0.,0.));
#1654=DIRECTION('center_axis',(0.,0.,-1.));
#1655=DIRECTION('ref_axis',(1.,0.,0.));
#1656=DIRECTION('',(0.,0.,-1.));
#1657=DIRECTION('center_axis',(0.,0.,1.));
#1658=DIRECTION('ref_axis',(1.,0.,0.));
#1659=DIRECTION('center_axis',(0.,0.,1.));
#1660=DIRECTION('ref_axis',(1.,0.,0.));
#1661=DIRECTION('center_axis',(0.,0.,-1.));
#1662=DIRECTION('ref_axis',(1.,0.,0.));
#1663=DIRECTION('',(0.,0.,-1.));
#1664=DIRECTION('center_axis',(0.,0.,1.));
#1665=DIRECTION('ref_axis',(1.,0.,0.));
#1666=DIRECTION('center_axis',(0.,0.,1.));
#1667=DIRECTION('ref_axis',(-1.,0.,0.));
#1668=DIRECTION('center_axis',(0.,0.,1.));
#1669=DIRECTION('ref_axis',(1.,0.,0.));
#1670=DIRECTION('',(0.,0.,1.));
#1671=DIRECTION('center_axis',(0.,0.,-1.));
#1672=DIRECTION('ref_axis',(-1.,0.,0.));
#1673=DIRECTION('center_axis',(0.,0.,1.));
#1674=DIRECTION('ref_axis',(-1.,0.,0.));
#1675=DIRECTION('center_axis',(0.,0.,1.));
#1676=DIRECTION('ref_axis',(1.,0.,0.));
#1677=DIRECTION('',(0.,0.,1.));
#1678=DIRECTION('center_axis',(0.,0.,-1.));
#1679=DIRECTION('ref_axis',(-1.,0.,0.));
#1680=DIRECTION('center_axis',(0.,0.,1.));
#1681=DIRECTION('ref_axis',(-1.,0.,0.));
#1682=DIRECTION('center_axis',(0.,0.,1.));
#1683=DIRECTION('ref_axis',(1.,0.,0.));
#1684=DIRECTION('',(0.,0.,1.));
#1685=DIRECTION('center_axis',(0.,0.,-1.));
#1686=DIRECTION('ref_axis',(-1.,0.,0.));
#1687=DIRECTION('center_axis',(0.,0.,1.));
#1688=DIRECTION('ref_axis',(-1.,0.,0.));
#1689=DIRECTION('center_axis',(0.,0.,1.));
#1690=DIRECTION('ref_axis',(1.,0.,0.));
#1691=DIRECTION('',(0.,0.,1.));
#1692=DIRECTION('center_axis',(0.,0.,-1.));
#1693=DIRECTION('ref_axis',(-1.,0.,0.));
#1694=DIRECTION('center_axis',(0.,0.,1.));
#1695=DIRECTION('ref_axis',(-1.,0.,0.));
#1696=DIRECTION('center_axis',(0.,0.,1.));
#1697=DIRECTION('ref_axis',(1.,0.,0.));
#1698=DIRECTION('',(0.,0.,1.));
#1699=DIRECTION('center_axis',(0.,0.,-1.));
#1700=DIRECTION('ref_axis',(-1.,0.,0.));
#1701=DIRECTION('center_axis',(0.,0.,1.));
#1702=DIRECTION('ref_axis',(-1.,0.,0.));
#1703=DIRECTION('center_axis',(0.,0.,1.));
#1704=DIRECTION('ref_axis',(1.,0.,0.));
#1705=DIRECTION('',(0.,0.,1.));
#1706=DIRECTION('center_axis',(0.,0.,-1.));
#1707=DIRECTION('ref_axis',(-1.,0.,0.));
#1708=DIRECTION('center_axis',(0.,0.,1.));
#1709=DIRECTION('ref_axis',(-1.,0.,0.));
#1710=DIRECTION('center_axis',(0.,0.,1.));
#1711=DIRECTION('ref_axis',(1.,0.,0.));
#1712=DIRECTION('',(0.,0.,1.));
#1713=DIRECTION('center_axis',(0.,0.,-1.));
#1714=DIRECTION('ref_axis',(-1.,0.,0.));
#1715=DIRECTION('center_axis',(0.,0.,1.));
#1716=DIRECTION('ref_axis',(-1.,0.,0.));
#1717=DIRECTION('center_axis',(0.,0.,1.));
#1718=DIRECTION('ref_axis',(1.,0.,0.));
#1719=DIRECTION('',(0.,0.,1.));
#1720=DIRECTION('center_axis',(0.,0.,-1.));
#1721=DIRECTION('ref_axis',(-1.,0.,0.));
#1722=DIRECTION('center_axis',(0.,1.,0.));
#1723=DIRECTION('ref_axis',(-1.,0.,0.));
#1724=DIRECTION('',(0.,0.,1.));
#1725=DIRECTION('',(-1.,0.,0.));
#1726=DIRECTION('',(0.,0.,-1.));
#1727=DIRECTION('',(1.,0.,0.));
#1728=DIRECTION('center_axis',(0.,-1.,0.));
#1729=DIRECTION('ref_axis',(0.,0.,-1.));
#1730=DIRECTION('center_axis',(0.,1.,0.));
#1731=DIRECTION('ref_axis',(1.,0.,-5.30759038769042E-15));
#1732=DIRECTION('',(0.,1.,0.));
#1733=DIRECTION('center_axis',(0.,1.,0.));
#1734=DIRECTION('ref_axis',(1.,0.,-5.30759038769042E-15));
#1735=DIRECTION('center_axis',(0.,1.,0.));
#1736=DIRECTION('ref_axis',(0.,0.,1.));
#1737=DIRECTION('',(-1.,0.,5.39030285815812E-15));
#1738=DIRECTION('center_axis',(0.,-1.,0.));
#1739=DIRECTION('ref_axis',(0.,0.,-1.));
#1740=DIRECTION('center_axis',(0.,-1.,0.));
#1741=DIRECTION('ref_axis',(0.,0.,-1.));
#1742=DIRECTION('',(0.,0.,1.));
#1743=DIRECTION('center_axis',(0.,1.,0.));
#1744=DIRECTION('ref_axis',(1.,0.,-5.35219198758701E-15));
#1745=DIRECTION('center_axis',(0.,-1.,0.));
#1746=DIRECTION('ref_axis',(0.,0.,-1.));
#1747=DIRECTION('',(0.,1.,0.));
#1748=DIRECTION('',(0.,-1.,0.));
#1749=DIRECTION('center_axis',(0.,0.,1.));
#1750=DIRECTION('ref_axis',(1.,0.,0.));
#1751=DIRECTION('',(-5.7219797976386E-16,1.,0.));
#1752=DIRECTION('',(-1.,5.90669836467949E-17,0.));
#1753=DIRECTION('center_axis',(0.,0.,1.));
#1754=DIRECTION('ref_axis',(-1.,0.,0.));
#1755=DIRECTION('center_axis',(0.,0.,1.));
#1756=DIRECTION('ref_axis',(-1.,0.,0.));
#1757=DIRECTION('center_axis',(0.,0.,1.));
#1758=DIRECTION('ref_axis',(-1.,0.,0.));
#1759=DIRECTION('center_axis',(0.,0.,1.));
#1760=DIRECTION('ref_axis',(-1.,0.,0.));
#1761=DIRECTION('center_axis',(-5.90669836467949E-17,-1.,0.));
#1762=DIRECTION('ref_axis',(1.,-5.90669836467949E-17,0.));
#1763=DIRECTION('',(0.,0.,-1.));
#1764=DIRECTION('',(1.,-5.90669836467949E-17,0.));
#1765=DIRECTION('center_axis',(0.,0.,1.));
#1766=DIRECTION('ref_axis',(1.,0.,0.));
#1767=DIRECTION('',(5.7219797976386E-16,-1.,0.));
#1768=DIRECTION('center_axis',(0.,0.,-1.));
#1769=DIRECTION('ref_axis',(-1.,0.,0.));
#1770=DIRECTION('center_axis',(0.,0.,-1.));
#1771=DIRECTION('ref_axis',(-1.,0.,0.));
#1772=DIRECTION('center_axis',(0.,0.,-1.));
#1773=DIRECTION('ref_axis',(-1.,0.,0.));
#1774=DIRECTION('center_axis',(0.,0.,-1.));
#1775=DIRECTION('ref_axis',(-1.,0.,0.));
#1776=DIRECTION('center_axis',(-5.7219797976386E-16,1.,0.));
#1777=DIRECTION('ref_axis',(0.,0.,-1.));
#1778=DIRECTION('center_axis',(5.7219797976386E-16,-1.,0.));
#1779=DIRECTION('ref_axis',(-1.,0.,0.));
#1780=DIRECTION('center_axis',(5.7219797976386E-16,-1.,0.));
#1781=DIRECTION('ref_axis',(-1.,0.,0.));
#1782=DIRECTION('center_axis',(5.7219797976386E-16,-1.,0.));
#1783=DIRECTION('ref_axis',(0.,0.,-1.));
#1784=DIRECTION('center_axis',(-5.7219797976386E-16,1.,0.));
#1785=DIRECTION('ref_axis',(1.02137663763121E-13,0.,-1.));
#1786=DIRECTION('center_axis',(-5.7219797976386E-16,1.,0.));
#1787=DIRECTION('ref_axis',(0.,0.,1.));
#1788=DIRECTION('',(-1.,-5.7219797976386E-16,-6.12323399573677E-17));
#1789=DIRECTION('center_axis',(5.7219797976386E-16,-1.,0.));
#1790=DIRECTION('ref_axis',(-1.,0.,-1.11503999741399E-16));
#1791=DIRECTION('center_axis',(-5.7219797976386E-16,1.,0.));
#1792=DIRECTION('ref_axis',(0.,0.,-1.));
#1793=DIRECTION('center_axis',(0.,0.,1.));
#1794=DIRECTION('ref_axis',(-1.,0.,0.));
#1795=DIRECTION('',(0.,0.,1.));
#1796=DIRECTION('center_axis',(0.,0.,1.));
#1797=DIRECTION('ref_axis',(-1.,0.,0.));
#1798=DIRECTION('',(0.,0.,1.));
#1799=DIRECTION('center_axis',(0.,0.,1.));
#1800=DIRECTION('ref_axis',(-1.,0.,0.));
#1801=DIRECTION('',(0.,0.,1.));
#1802=DIRECTION('center_axis',(0.,0.,1.));
#1803=DIRECTION('ref_axis',(-1.,0.,0.));
#1804=DIRECTION('',(0.,0.,1.));
#1805=DIRECTION('center_axis',(0.,1.,0.));
#1806=DIRECTION('ref_axis',(5.32907051820075E-15,0.,1.));
#1807=DIRECTION('',(5.32907051820075E-15,0.,1.));
#1808=DIRECTION('center_axis',(-5.7219797976386E-16,1.,0.));
#1809=DIRECTION('ref_axis',(6.12323399573677E-17,0.,-1.));
#1810=DIRECTION('center_axis',(0.,-1.,0.));
#1811=DIRECTION('ref_axis',(-5.39030285815812E-15,0.,-1.));
#1812=DIRECTION('',(-5.39030285815812E-15,0.,-1.));
#1813=DIRECTION('',(1.,0.,-5.39030285815812E-15));
#1814=DIRECTION('center_axis',(1.,0.,-5.39030285815812E-15));
#1815=DIRECTION('ref_axis',(-5.39030285815812E-15,0.,-1.));
#1816=DIRECTION('',(5.34738296081359E-15,-0.125942269907822,0.992037572196974));
#1817=DIRECTION('',(0.,-1.,0.));
#1818=DIRECTION('center_axis',(6.78866977447052E-16,0.992037572196974,0.125942269907822));
#1819=DIRECTION('ref_axis',(0.,-0.125942269907822,0.992037572196974));
#1820=DIRECTION('',(-1.,0.,5.39030285815812E-15));
#1821=DIRECTION('center_axis',(5.39030285815812E-15,0.,1.));
#1822=DIRECTION('ref_axis',(0.,-1.,0.));
#1823=CARTESIAN_POINT('',(0.,0.,0.));
#1824=CARTESIAN_POINT('Origin',(0.312999999999995,10.4212061422181,2.31525799354616));
#1825=CARTESIAN_POINT('',(0.281499999999995,10.4212061422181,2.35257014604877));
#1826=CARTESIAN_POINT('',(0.344499999999995,10.4212061422181,2.35257014604877));
#1827=CARTESIAN_POINT('',(0.297249999999995,10.4212061422181,2.35257014604877));
#1828=CARTESIAN_POINT('',(0.281499999999995,10.4212061422181,2.31227036444666));
#1829=CARTESIAN_POINT('',(0.281499999999995,10.4212061422181,2.31525799354616));
#1830=CARTESIAN_POINT('',(0.344499999999995,10.4212061422181,2.31227036444666));
#1831=CARTESIAN_POINT('',(0.297249999999995,10.4212061422181,2.31227036444666));
#1832=CARTESIAN_POINT('',(0.344499999999995,10.4212061422181,2.31525799354616));
#1833=CARTESIAN_POINT('Origin',(0.312999999999995,10.4612061422181,2.31525799354616));
#1834=CARTESIAN_POINT('',(0.344499999999995,10.4612061422181,2.35747650897646));
#1835=CARTESIAN_POINT('',(0.281499999999995,10.4612061422181,2.35747650897646));
#1836=CARTESIAN_POINT('',(0.297249999999995,10.4612061422181,2.35747650897646));
#1837=CARTESIAN_POINT('',(0.344499999999995,10.4612061422181,2.31717672737435));
#1838=CARTESIAN_POINT('',(0.344499999999995,10.4612061422181,2.31525799354616));
#1839=CARTESIAN_POINT('',(0.281499999999995,10.4612061422181,2.31717672737435));
#1840=CARTESIAN_POINT('',(0.297249999999995,10.4612061422181,2.31717672737435));
#1841=CARTESIAN_POINT('',(0.281499999999995,10.4612061422181,2.31525799354616));
#1842=CARTESIAN_POINT('Origin',(0.281499999999995,5.12547786726113,1.70300102396465));
#1843=CARTESIAN_POINT('',(0.281499999999992,10.5009557345222,2.36235215712825));
#1844=CARTESIAN_POINT('',(0.281499999999995,5.15758636555814,1.70693942260736));
#1845=CARTESIAN_POINT('',(0.344499999999992,10.5009557345222,2.36235215712825));
#1846=CARTESIAN_POINT('',(0.281499999999992,10.5009557345222,2.36235215712825));
#1847=CARTESIAN_POINT('',(0.344499999999995,5.15758636555814,1.70693942260736));
#1848=CARTESIAN_POINT('Origin',(0.344499999999995,5.25,1.21922942887759));
#1849=CARTESIAN_POINT('',(0.344499999999992,10.4874799341577,2.4685));
#1850=CARTESIAN_POINT('',(0.344499999999992,10.5896145211297,1.66399371492787));
#1851=CARTESIAN_POINT('',(0.344499999999998,-0.25,2.46849999999999));
#1852=CARTESIAN_POINT('',(0.344499999999992,10.75,2.4685));
#1853=CARTESIAN_POINT('',(0.344499999999999,-0.249999999999996,0.0665));
#1854=CARTESIAN_POINT('',(0.344499999999999,-0.249999999999996,-0.126582284489635));
#1855=CARTESIAN_POINT('',(0.344499999999992,10.75,0.0665));
#1856=CARTESIAN_POINT('',(0.344499999999995,5.25,0.0665));
#1857=CARTESIAN_POINT('',(0.344499999999992,10.75,0.400649635211199));
#1858=CARTESIAN_POINT('',(0.344499999999992,10.75,-0.126582284489629));
#1859=CARTESIAN_POINT('',(0.344499999999992,10.5059934703497,2.32267029953372));
#1860=CARTESIAN_POINT('',(0.344499999999992,10.5896145211297,1.66399371492787));
#1861=CARTESIAN_POINT('',(0.344499999999995,5.16128073227772,1.6670927886031));
#1862=CARTESIAN_POINT('',(0.344499999999995,5.04905006089632,1.69362646006983));
#1863=CARTESIAN_POINT('',(0.344499999999995,5.04905006089632,1.65332667846772));
#1864=CARTESIAN_POINT('',(0.344499999999995,5.04905006089632,1.67603390599135));
#1865=CARTESIAN_POINT('',(0.344499999999995,-0.209999999999998,1.00825647212663));
#1866=CARTESIAN_POINT('',(0.344499999999995,5.16128073227772,1.6670927886031));
#1867=CARTESIAN_POINT('',(0.344499999999995,-0.209999999999998,1.04855625372875));
#1868=CARTESIAN_POINT('',(0.344499999999995,-0.209999999999998,0.988202479275821));
#1869=CARTESIAN_POINT('',(0.344499999999995,5.15758636555814,1.70693942260736));
#1870=CARTESIAN_POINT('',(0.344499999999995,5.08905006089632,1.65823304139541));
#1871=CARTESIAN_POINT('',(0.344499999999995,5.16128073227772,1.6670927886031));
#1872=CARTESIAN_POINT('',(0.344499999999995,5.08905006089632,1.69853282299752));
#1873=CARTESIAN_POINT('',(0.344499999999995,5.08905006089632,1.67603390599135));
#1874=CARTESIAN_POINT('',(0.344499999999995,5.15758636555814,1.70693942260736));
#1875=CARTESIAN_POINT('Origin',(0.281499999999995,5.12799673517484,1.66301020436633));
#1876=CARTESIAN_POINT('',(0.281499999999995,5.08905006089632,1.65823304139541));
#1877=CARTESIAN_POINT('',(0.281499999999995,5.16128073227772,1.6670927886031));
#1878=CARTESIAN_POINT('',(0.297249999999995,5.08905006089632,1.65823304139541));
#1879=CARTESIAN_POINT('Origin',(0.312999999999995,5.04905006089632,1.67603390599135));
#1880=CARTESIAN_POINT('',(0.281499999999995,5.04905006089632,1.69362646006983));
#1881=CARTESIAN_POINT('',(0.297249999999995,5.04905006089632,1.69362646006983));
#1882=CARTESIAN_POINT('',(0.281499999999995,5.04905006089632,1.65332667846772));
#1883=CARTESIAN_POINT('',(0.281499999999995,5.04905006089632,1.67603390599135));
#1884=CARTESIAN_POINT('',(0.297249999999995,5.04905006089632,1.65332667846772));
#1885=CARTESIAN_POINT('Origin',(0.312999999999995,5.08905006089632,1.67603390599135));
#1886=CARTESIAN_POINT('',(0.281499999999995,5.08905006089632,1.69853282299752));
#1887=CARTESIAN_POINT('',(0.297249999999995,5.08905006089632,1.69853282299752));
#1888=CARTESIAN_POINT('',(0.281499999999995,5.08905006089632,1.67603390599135));
#1889=CARTESIAN_POINT('Origin',(0.281499999999995,5.12547786726113,1.70300102396465));
#1890=CARTESIAN_POINT('',(0.281499999999995,5.15758636555814,1.70693942260736));
#1891=CARTESIAN_POINT('Origin',(0.281499999999995,5.12799673517484,1.66301020436633));
#1892=CARTESIAN_POINT('',(0.281499999999992,10.5059934703497,2.32267029953372));
#1893=CARTESIAN_POINT('',(0.281499999999992,10.5059934703497,2.32267029953372));
#1894=CARTESIAN_POINT('',(0.281499999999995,5.16128073227772,1.6670927886031));
#1895=CARTESIAN_POINT('Origin',(0.281499999999995,5.12799673517484,1.66301020436633));
#1896=CARTESIAN_POINT('',(0.281499999999995,-0.209999999999998,1.00825647212663));
#1897=CARTESIAN_POINT('',(0.281499999999995,5.16128073227772,1.6670927886031));
#1898=CARTESIAN_POINT('',(0.297249999999994,-0.209999999999998,1.00825647212663));
#1899=CARTESIAN_POINT('Origin',(0.312999999999995,-0.209999999999998,0.988202479275821));
#1900=CARTESIAN_POINT('',(0.281499999999995,-0.209999999999998,1.04855625372875));
#1901=CARTESIAN_POINT('',(0.281499999999995,-0.209999999999998,0.988202479275821));
#1902=CARTESIAN_POINT('',(0.297249999999994,-0.209999999999998,1.04855625372875));
#1903=CARTESIAN_POINT('Origin',(0.281499999999995,5.12547786726113,1.70300102396465));
#1904=CARTESIAN_POINT('',(0.281499999999995,5.15758636555814,1.70693942260736));
#1905=CARTESIAN_POINT('Origin',(0.344499999999998,-0.249999999999999,2.46849999999999));
#1906=CARTESIAN_POINT('',(0.281499999999992,10.4874799341577,2.4685));
#1907=CARTESIAN_POINT('',(0.312999999999992,10.4874799341577,2.4685));
#1908=CARTESIAN_POINT('',(0.281499999999998,-0.249999999999999,2.46849999999999));
#1909=CARTESIAN_POINT('',(0.281499999999992,10.75,2.4685));
#1910=CARTESIAN_POINT('',(0.344499999999998,-0.25,2.46849999999999));
#1911=CARTESIAN_POINT('Origin',(0.281499999999992,10.6187399670788,1.4345748176056));
#1912=CARTESIAN_POINT('',(0.281499999999992,10.5896145211297,1.66399371492787));
#1913=CARTESIAN_POINT('Origin',(0.344499999999999,-0.249999999999996,-0.0300411422448206));
#1914=CARTESIAN_POINT('',(0.281499999999999,-0.249999999999996,0.0665));
#1915=CARTESIAN_POINT('',(0.281499999999999,-0.249999999999996,-0.126582284489635));
#1916=CARTESIAN_POINT('',(0.331269999999999,-0.249999999999997,0.0665));
#1917=CARTESIAN_POINT('Origin',(0.281499999999995,5.25,1.21922942887759));
#1918=CARTESIAN_POINT('',(0.281499999999992,10.75,0.400649635211199));
#1919=CARTESIAN_POINT('',(0.281499999999992,10.5896145211297,1.66399371492787));
#1920=CARTESIAN_POINT('',(0.281499999999992,10.75,0.0665));
#1921=CARTESIAN_POINT('',(0.281499999999992,10.75,0.0665));
#1922=CARTESIAN_POINT('',(0.281499999999995,5.25,0.0665));
#1923=CARTESIAN_POINT('Origin',(18.68725,10.4173717189923,2.29556110520539));
#1924=CARTESIAN_POINT('',(18.71875,10.4173717189923,2.31135277379555));
#1925=CARTESIAN_POINT('',(18.65575,10.4173717189923,2.31135277379555));
#1926=CARTESIAN_POINT('',(18.703,10.4173717189923,2.31135277379555));
#1927=CARTESIAN_POINT('',(18.71875,10.4173717189923,2.35165235120069));
#1928=CARTESIAN_POINT('',(18.71875,10.4173717189923,2.29556110520539));
#1929=CARTESIAN_POINT('',(18.65575,10.4173717189923,2.35165235120069));
#1930=CARTESIAN_POINT('',(18.703,10.4173717189923,2.35165235120069));
#1931=CARTESIAN_POINT('',(18.65575,10.4173717189923,2.29556110520539));
#1932=CARTESIAN_POINT('Origin',(18.68725,10.4573717189923,2.29556110520539));
#1933=CARTESIAN_POINT('',(18.65575,10.4573717189923,2.31625745921181));
#1934=CARTESIAN_POINT('',(18.71875,10.4573717189923,2.31625745921181));
#1935=CARTESIAN_POINT('',(18.703,10.4573717189923,2.31625745921181));
#1936=CARTESIAN_POINT('',(18.65575,10.4573717189923,2.35655703661695));
#1937=CARTESIAN_POINT('',(18.65575,10.4573717189923,2.29556110520539));
#1938=CARTESIAN_POINT('',(18.71875,10.4573717189923,2.35655703661695));
#1939=CARTESIAN_POINT('',(18.703,10.4573717189923,2.35655703661695));
#1940=CARTESIAN_POINT('',(18.71875,10.4573717189923,2.29556110520539));
#1941=CARTESIAN_POINT('Origin',(18.71875,5.12802492307315,1.66278822150891));
#1942=CARTESIAN_POINT('',(18.71875,10.5060498461463,2.32222623172038));
#1943=CARTESIAN_POINT('',(18.71875,5.16131794790841,1.66687051684322));
#1944=CARTESIAN_POINT('',(18.65575,10.5060498461463,2.32222623172038));
#1945=CARTESIAN_POINT('',(18.71875,10.5060498461463,2.32222623172038));
#1946=CARTESIAN_POINT('',(18.65575,5.16131794790841,1.66687051684322));
#1947=CARTESIAN_POINT('Origin',(18.65575,5.25,1.21922942887759));
#1948=CARTESIAN_POINT('',(18.65575,10.75,0.40064963521121));
#1949=CARTESIAN_POINT('',(18.65575,10.5896145211297,1.66399371492787));
#1950=CARTESIAN_POINT('',(18.65575,10.75,0.0664999999999987));
#1951=CARTESIAN_POINT('',(18.65575,10.75,-0.126582284489632));
#1952=CARTESIAN_POINT('',(18.65575,-0.250000000000002,0.0664999999999987));
#1953=CARTESIAN_POINT('',(18.65575,5.25,0.0664999999999987));
#1954=CARTESIAN_POINT('',(18.65575,-0.25,0.90089014670444));
#1955=CARTESIAN_POINT('',(18.65575,-0.250000000000002,-0.126582284489632));
#1956=CARTESIAN_POINT('',(18.65575,-0.250129294753445,0.90089014670444));
#1957=CARTESIAN_POINT('',(18.65575,-0.230129294753445,0.90089014670444));
#1958=CARTESIAN_POINT('',(18.65575,-0.250129294753445,1.15089014670444));
#1959=CARTESIAN_POINT('',(18.65575,-0.250129294753445,1.02589014670444));
#1960=CARTESIAN_POINT('',(18.65575,-0.25,1.15089014670444));
#1961=CARTESIAN_POINT('',(18.65575,-0.230129294753445,1.15089014670444));
#1962=CARTESIAN_POINT('',(18.65575,-0.25,2.4685));
#1963=CARTESIAN_POINT('',(18.65575,-0.250000000000002,-0.126582284489632));
#1964=CARTESIAN_POINT('',(18.65575,10.4874799341577,2.4685));
#1965=CARTESIAN_POINT('',(18.65575,-0.25,2.4685));
#1966=CARTESIAN_POINT('',(18.65575,10.5010121094345,2.36190809628099));
#1967=CARTESIAN_POINT('',(18.65575,10.5896145211297,1.66399371492787));
#1968=CARTESIAN_POINT('',(18.65575,5.15762440115059,1.70671720212543));
#1969=CARTESIAN_POINT('',(18.65575,4.17773077849168,1.54626587570685));
#1970=CARTESIAN_POINT('',(18.65575,4.17773077849168,1.58656545311199));
#1971=CARTESIAN_POINT('',(18.65575,4.17773077849168,1.54231834307234));
#1972=CARTESIAN_POINT('',(18.65575,-0.210129294753445,1.04853862036653));
#1973=CARTESIAN_POINT('',(18.65575,5.15762440115059,1.70671720212543));
#1974=CARTESIAN_POINT('',(18.65575,-0.210129294753445,1.0082390429614));
#1975=CARTESIAN_POINT('',(18.65575,-0.210129294753445,1.02589014670444));
#1976=CARTESIAN_POINT('',(18.65575,5.16131794790841,1.66687051684322));
#1977=CARTESIAN_POINT('',(18.65575,4.21773077849168,1.59147013852824));
#1978=CARTESIAN_POINT('',(18.65575,5.15762440115059,1.70671720212543));
#1979=CARTESIAN_POINT('',(18.65575,4.21773077849168,1.55117056112311));
#1980=CARTESIAN_POINT('',(18.65575,4.21773077849168,1.54231834307234));
#1981=CARTESIAN_POINT('',(18.65575,5.16131794790841,1.66687051684322));
#1982=CARTESIAN_POINT('Origin',(18.71875,5.12550605471725,1.70277894249178));
#1983=CARTESIAN_POINT('',(18.71875,4.21773077849168,1.59147013852824));
#1984=CARTESIAN_POINT('',(18.71875,5.1576244011506,1.70671720212543));
#1985=CARTESIAN_POINT('',(18.703,4.21773077849168,1.59147013852824));
#1986=CARTESIAN_POINT('Origin',(18.68725,4.17773077849168,1.54231834307234));
#1987=CARTESIAN_POINT('',(18.71875,4.17773077849168,1.54626587570685));
#1988=CARTESIAN_POINT('',(18.703,4.17773077849168,1.54626587570685));
#1989=CARTESIAN_POINT('',(18.71875,4.17773077849168,1.58656545311199));
#1990=CARTESIAN_POINT('',(18.71875,4.17773077849168,1.54231834307234));
#1991=CARTESIAN_POINT('',(18.703,4.17773077849168,1.58656545311199));
#1992=CARTESIAN_POINT('Origin',(18.68725,4.21773077849168,1.54231834307234));
#1993=CARTESIAN_POINT('',(18.71875,4.21773077849168,1.55117056112311));
#1994=CARTESIAN_POINT('',(18.703,4.21773077849168,1.55117056112311));
#1995=CARTESIAN_POINT('',(18.71875,4.21773077849168,1.54231834307234));
#1996=CARTESIAN_POINT('Origin',(18.71875,5.12802492307315,1.66278822150891));
#1997=CARTESIAN_POINT('',(18.71875,5.16131794790841,1.66687051684322));
#1998=CARTESIAN_POINT('Origin',(18.71875,5.12550605471725,1.70277894249178));
#1999=CARTESIAN_POINT('',(18.71875,10.5010121094345,2.36190809628099));
#2000=CARTESIAN_POINT('',(18.71875,10.5010121094345,2.36190809628099));
#2001=CARTESIAN_POINT('',(18.71875,5.1576244011506,1.70671720212543));
#2002=CARTESIAN_POINT('Origin',(18.71875,5.12550605471725,1.70277894249178));
#2003=CARTESIAN_POINT('',(18.71875,-0.210129294753445,1.04853862036653));
#2004=CARTESIAN_POINT('',(18.71875,5.1576244011506,1.70671720212543));
#2005=CARTESIAN_POINT('',(18.703,-0.210129294753445,1.04853862036653));
#2006=CARTESIAN_POINT('Origin',(18.68725,-0.230129294753445,0.90089014670444));
#2007=CARTESIAN_POINT('',(18.71875,-0.25,0.90089014670444));
#2008=CARTESIAN_POINT('',(18.6715,-0.25,0.90089014670444));
#2009=CARTESIAN_POINT('',(18.71875,-0.250129294753445,0.90089014670444));
#2010=CARTESIAN_POINT('',(18.71875,-0.230129294753445,0.90089014670444));
#2011=CARTESIAN_POINT('',(18.68725,-0.250129294753445,0.90089014670444));
#2012=CARTESIAN_POINT('Origin',(18.68725,-0.210129294753445,1.02589014670444));
#2013=CARTESIAN_POINT('',(18.71875,-0.210129294753445,1.0082390429614));
#2014=CARTESIAN_POINT('',(18.71875,-0.210129294753445,1.02589014670444));
#2015=CARTESIAN_POINT('',(18.703,-0.210129294753445,1.0082390429614));
#2016=CARTESIAN_POINT('Origin',(18.68725,-0.230129294753445,1.15089014670444));
#2017=CARTESIAN_POINT('',(18.71875,-0.25,1.15089014670444));
#2018=CARTESIAN_POINT('',(18.6715,-0.25,1.15089014670444));
#2019=CARTESIAN_POINT('',(18.71875,-0.250129294753445,1.15089014670444));
#2020=CARTESIAN_POINT('',(18.68725,-0.250129294753445,1.15089014670444));
#2021=CARTESIAN_POINT('',(18.71875,-0.230129294753445,1.15089014670444));
#2022=CARTESIAN_POINT('Origin',(18.68725,-0.250129294753445,1.02589014670444));
#2023=CARTESIAN_POINT('',(18.71875,-0.250129294753445,1.02589014670444));
#2024=CARTESIAN_POINT('Origin',(18.71875,5.12802492307315,1.66278822150891));
#2025=CARTESIAN_POINT('',(18.71875,5.16131794790841,1.66687051684322));
#2026=CARTESIAN_POINT('Origin',(0.281499999999992,10.6187399670788,1.4345748176056));
#2027=CARTESIAN_POINT('',(0.312999999999992,10.75,0.40064963521122));
#2028=CARTESIAN_POINT('Origin',(18.65575,-0.25,2.4685));
#2029=CARTESIAN_POINT('',(18.71875,-0.25,0.0664999999999987));
#2030=CARTESIAN_POINT('',(18.66898,-0.25,0.0665000000000015));
#2031=CARTESIAN_POINT('',(18.71875,-0.25,0.0664999999999987));
#2032=CARTESIAN_POINT('Origin',(18.71875,10.6187399670788,1.4345748176056));
#2033=CARTESIAN_POINT('',(18.71875,10.75,0.40064963521121));
#2034=CARTESIAN_POINT('',(18.71875,10.5896145211297,1.66399371492787));
#2035=CARTESIAN_POINT('',(18.68725,10.75,0.400649635211232));
#2036=CARTESIAN_POINT('Origin',(17.7499997334217,0.74999998873613,0.));
#2037=CARTESIAN_POINT('',(17.6874997334217,0.74999998873613,0.0315));
#2038=CARTESIAN_POINT('Origin',(17.7499997334217,0.74999998873613,0.0315));
#2039=CARTESIAN_POINT('',(17.6874997334217,0.74999998873613,-0.0315));
#2040=CARTESIAN_POINT('',(17.6874997334217,0.74999998873613,0.));
#2041=CARTESIAN_POINT('Origin',(17.7499997334217,0.74999998873613,-0.0315));
#2042=CARTESIAN_POINT('Origin',(1.24999998122688,9.74999985356969,0.));
#2043=CARTESIAN_POINT('',(1.18749998122688,9.74999985356969,0.0315));
#2044=CARTESIAN_POINT('Origin',(1.24999998122688,9.74999985356969,0.0315));
#2045=CARTESIAN_POINT('',(1.18749998122688,9.74999985356969,-0.0315));
#2046=CARTESIAN_POINT('',(1.18749998122688,9.74999985356969,0.));
#2047=CARTESIAN_POINT('Origin',(1.24999998122688,9.74999985356969,-0.0315));
#2048=CARTESIAN_POINT('Origin',(1.24999998122688,0.74999998873613,0.));
#2049=CARTESIAN_POINT('',(1.18749998122688,0.74999998873613,0.0315));
#2050=CARTESIAN_POINT('Origin',(1.24999998122688,0.74999998873613,0.0315));
#2051=CARTESIAN_POINT('',(1.18749998122688,0.74999998873613,-0.0315));
#2052=CARTESIAN_POINT('',(1.18749998122688,0.74999998873613,0.));
#2053=CARTESIAN_POINT('Origin',(1.24999998122688,0.74999998873613,-0.0315));
#2054=CARTESIAN_POINT('Origin',(17.7499997334217,9.74999985356969,0.));
#2055=CARTESIAN_POINT('',(17.6874997334217,9.74999985356969,0.0315));
#2056=CARTESIAN_POINT('Origin',(17.7499997334217,9.74999985356969,0.0315));
#2057=CARTESIAN_POINT('',(17.6874997334217,9.74999985356969,-0.0315));
#2058=CARTESIAN_POINT('',(17.6874997334217,9.74999985356969,0.));
#2059=CARTESIAN_POINT('Origin',(17.7499997334217,9.74999985356969,-0.0315));
#2060=CARTESIAN_POINT('Origin',(0.993155277191166,0.0778811699483026,0.017325));
#2061=CARTESIAN_POINT('',(1.05565527719117,0.0778811699483026,-0.0315));
#2062=CARTESIAN_POINT('Origin',(0.993155277191166,0.0778811699483026,-0.0315));
#2063=CARTESIAN_POINT('',(1.05565527719117,0.0778811699483026,0.0315));
#2064=CARTESIAN_POINT('',(1.05565527719117,0.0778811699483026,0.017325));
#2065=CARTESIAN_POINT('Origin',(0.993155277191166,0.0778811699483026,0.0315));
#2066=CARTESIAN_POINT('Origin',(12.3931552771912,0.0778811699483026,0.017325));
#2067=CARTESIAN_POINT('',(12.4556552771912,0.0778811699483026,-0.0315));
#2068=CARTESIAN_POINT('Origin',(12.3931552771912,0.0778811699483026,-0.0315));
#2069=CARTESIAN_POINT('',(12.4556552771912,0.0778811699483026,0.0315));
#2070=CARTESIAN_POINT('',(12.4556552771912,0.0778811699483026,0.017325));
#2071=CARTESIAN_POINT('Origin',(12.3931552771912,0.0778811699483026,0.0315));
#2072=CARTESIAN_POINT('Origin',(17.9931552771912,10.3878811699483,0.017325));
#2073=CARTESIAN_POINT('',(18.0556552771912,10.3878811699483,-0.0315));
#2074=CARTESIAN_POINT('Origin',(17.9931552771912,10.3878811699483,-0.0315));
#2075=CARTESIAN_POINT('',(18.0556552771912,10.3878811699483,0.0315));
#2076=CARTESIAN_POINT('',(18.0556552771912,10.3878811699483,0.017325));
#2077=CARTESIAN_POINT('Origin',(17.9931552771912,10.3878811699483,0.0315));
#2078=CARTESIAN_POINT('Origin',(6.59315527719117,10.3878811699483,0.017325));
#2079=CARTESIAN_POINT('',(6.65565527719117,10.3878811699483,-0.0315));
#2080=CARTESIAN_POINT('Origin',(6.59315527719117,10.3878811699483,-0.0315));
#2081=CARTESIAN_POINT('',(6.65565527719117,10.3878811699483,0.0315));
#2082=CARTESIAN_POINT('',(6.65565527719117,10.3878811699483,0.017325));
#2083=CARTESIAN_POINT('Origin',(6.59315527719117,10.3878811699483,0.0315));
#2084=CARTESIAN_POINT('Origin',(0.993155277191171,10.3778811699483,0.017325));
#2085=CARTESIAN_POINT('',(1.05565527719117,10.3778811699483,-0.0315));
#2086=CARTESIAN_POINT('Origin',(0.993155277191171,10.3778811699483,-0.0315));
#2087=CARTESIAN_POINT('',(1.05565527719117,10.3778811699483,0.0315));
#2088=CARTESIAN_POINT('',(1.05565527719117,10.3778811699483,0.017325));
#2089=CARTESIAN_POINT('Origin',(0.993155277191171,10.3778811699483,0.0315));
#2090=CARTESIAN_POINT('Origin',(12.3931552771912,10.3878811699483,0.017325));
#2091=CARTESIAN_POINT('',(12.4556552771912,10.3878811699483,-0.0315));
#2092=CARTESIAN_POINT('Origin',(12.3931552771912,10.3878811699483,-0.0315));
#2093=CARTESIAN_POINT('',(12.4556552771912,10.3878811699483,0.0315));
#2094=CARTESIAN_POINT('',(12.4556552771912,10.3878811699483,0.017325));
#2095=CARTESIAN_POINT('Origin',(12.3931552771912,10.3878811699483,0.0315));
#2096=CARTESIAN_POINT('Origin',(17.9931552771912,0.0778811699483026,0.017325));
#2097=CARTESIAN_POINT('',(18.0556552771912,0.0778811699483026,-0.0315));
#2098=CARTESIAN_POINT('Origin',(17.9931552771912,0.0778811699483026,-0.0315));
#2099=CARTESIAN_POINT('',(18.0556552771912,0.0778811699483026,0.0315));
#2100=CARTESIAN_POINT('',(18.0556552771912,0.0778811699483026,0.017325));
#2101=CARTESIAN_POINT('Origin',(17.9931552771912,0.0778811699483026,0.0315));
#2102=CARTESIAN_POINT('Origin',(6.59315527719117,0.0778811699483026,0.017325));
#2103=CARTESIAN_POINT('',(6.65565527719117,0.0778811699483026,-0.0315));
#2104=CARTESIAN_POINT('Origin',(6.59315527719117,0.0778811699483026,-0.0315));
#2105=CARTESIAN_POINT('',(6.65565527719117,0.0778811699483026,0.0315));
#2106=CARTESIAN_POINT('',(6.65565527719117,0.0778811699483026,0.017325));
#2107=CARTESIAN_POINT('Origin',(6.59315527719117,0.0778811699483026,0.0315));
#2108=CARTESIAN_POINT('Origin',(18.75,10.75,0.));
#2109=CARTESIAN_POINT('',(0.379499999999998,10.75,-0.0315));
#2110=CARTESIAN_POINT('',(0.379499999999998,10.75,0.0315));
#2111=CARTESIAN_POINT('',(0.379499999999999,10.75,0.01575));
#2112=CARTESIAN_POINT('',(18.62075,10.75,0.0315));
#2113=CARTESIAN_POINT('',(0.25,10.75,0.0315));
#2114=CARTESIAN_POINT('',(18.62075,10.75,-0.0315));
#2115=CARTESIAN_POINT('',(18.62075,10.75,0.01575));
#2116=CARTESIAN_POINT('',(0.25,10.75,-0.0315));
#2117=CARTESIAN_POINT('Origin',(18.62075,5.25,0.0665));
#2118=CARTESIAN_POINT('Origin',(18.62075,10.75,0.0665));
#2119=CARTESIAN_POINT('',(18.62075,-0.25,0.0315));
#2120=CARTESIAN_POINT('',(18.62075,2.5,0.0315));
#2121=CARTESIAN_POINT('Origin',(18.62075,-0.250000000000002,0.0665));
#2122=CARTESIAN_POINT('Origin',(18.71875,10.75,0.0664999999999995));
#2123=CARTESIAN_POINT('',(18.71875,10.75,0.0664999999999987));
#2124=CARTESIAN_POINT('',(18.66898,10.75,0.0664999999999987));
#2125=CARTESIAN_POINT('Origin',(18.62075,10.75,0.0665));
#2126=CARTESIAN_POINT('Origin',(18.65575,-0.25,0.0664999999999998));
#2127=CARTESIAN_POINT('',(18.62075,-0.25,-0.0315));
#2128=CARTESIAN_POINT('',(18.62075,-0.25,0.01575));
#2129=CARTESIAN_POINT('Origin',(18.62075,-0.25,0.0665));
#2130=CARTESIAN_POINT('Origin',(18.62075,5.25,0.0665));
#2131=CARTESIAN_POINT('',(18.71875,5.25,0.0664999999999987));
#2132=CARTESIAN_POINT('',(18.62075,2.5,-0.0315));
#2133=CARTESIAN_POINT('Origin',(9.5,5.25,-0.0315));
#2134=CARTESIAN_POINT('',(0.379500000000005,-0.249999999999999,-0.0315));
#2135=CARTESIAN_POINT('',(0.3795,8.,-0.0315));
#2136=CARTESIAN_POINT('',(0.25,-0.249999999999999,-0.0315));
#2137=CARTESIAN_POINT('',(6.19379740767263,5.4995066410994,-0.0315));
#2138=CARTESIAN_POINT('Origin',(6.13129740767263,5.4995066410994,-0.0315));
#2139=CARTESIAN_POINT('',(18.4937974076726,5.4995066410994,-0.0315));
#2140=CARTESIAN_POINT('Origin',(18.4312974076726,5.4995066410994,-0.0315));
#2141=CARTESIAN_POINT('',(12.8937974076726,5.4995066410994,-0.0315));
#2142=CARTESIAN_POINT('Origin',(12.8312974076726,5.4995066410994,-0.0315));
#2143=CARTESIAN_POINT('',(0.656297407672633,5.4995066410994,-0.0315));
#2144=CARTESIAN_POINT('Origin',(0.593797407672633,5.4995066410994,-0.0315));
#2145=CARTESIAN_POINT('Origin',(0.25,-0.249999999999999,0.));
#2146=CARTESIAN_POINT('',(0.379500000000005,-0.249999999999999,0.0315));
#2147=CARTESIAN_POINT('',(0.379500000000005,-0.249999999999999,0.01575));
#2148=CARTESIAN_POINT('',(0.25,-0.249999999999999,0.0315));
#2149=CARTESIAN_POINT('Origin',(9.5,5.25,0.0315));
#2150=CARTESIAN_POINT('',(0.3795,8.,0.0315));
#2151=CARTESIAN_POINT('',(6.19379740767263,5.4995066410994,0.0315));
#2152=CARTESIAN_POINT('Origin',(6.13129740767263,5.4995066410994,0.0315));
#2153=CARTESIAN_POINT('',(18.4937974076726,5.4995066410994,0.0315));
#2154=CARTESIAN_POINT('Origin',(18.4312974076726,5.4995066410994,0.0315));
#2155=CARTESIAN_POINT('',(12.8937974076726,5.4995066410994,0.0315));
#2156=CARTESIAN_POINT('Origin',(12.8312974076726,5.4995066410994,0.0315));
#2157=CARTESIAN_POINT('',(0.656297407672633,5.4995066410994,0.0315));
#2158=CARTESIAN_POINT('Origin',(0.593797407672633,5.4995066410994,0.0315));
#2159=CARTESIAN_POINT('Origin',(0.379499999999995,5.25,0.0665));
#2160=CARTESIAN_POINT('Origin',(0.379499999999999,-0.249999999999996,0.0665));
#2161=CARTESIAN_POINT('Origin',(0.379499999999992,10.75,0.0665));
#2162=CARTESIAN_POINT('Origin',(0.281499999999999,-0.249999999999996,0.0665));
#2163=CARTESIAN_POINT('Origin',(0.379499999999999,-0.249999999999996,0.0665));
#2164=CARTESIAN_POINT('Origin',(0.344499999999992,10.75,0.0665));
#2165=CARTESIAN_POINT('',(0.331269999999992,10.75,0.0665000000000002));
#2166=CARTESIAN_POINT('Origin',(0.379499999999992,10.75,0.0665));
#2167=CARTESIAN_POINT('Origin',(0.379499999999995,5.25,0.0665));
#2168=CARTESIAN_POINT('Origin',(0.593797407672633,5.4995066410994,1.3435));
#2169=CARTESIAN_POINT('',(0.656297407672633,5.4995066410994,1.3435));
#2170=CARTESIAN_POINT('Origin',(12.8312974076726,5.4995066410994,1.3435));
#2171=CARTESIAN_POINT('',(12.8937974076726,5.4995066410994,1.3435));
#2172=CARTESIAN_POINT('Origin',(18.4312974076726,5.4995066410994,1.3435));
#2173=CARTESIAN_POINT('',(18.4937974076726,5.4995066410994,1.3435));
#2174=CARTESIAN_POINT('Origin',(6.13129740767263,5.4995066410994,1.3435));
#2175=CARTESIAN_POINT('',(6.19379740767263,5.4995066410994,1.3435));
#2176=CARTESIAN_POINT('Origin',(18.65575,10.75,-0.0300411422448166));
#2177=CARTESIAN_POINT('',(18.71875,10.75,-0.126582284489632));
#2178=CARTESIAN_POINT('Origin',(0.344499999999992,10.75,2.4685));
#2179=CARTESIAN_POINT('Origin',(18.65575,-0.25,2.4685));
#2180=CARTESIAN_POINT('',(18.71875,-0.25,2.4685));
#2181=CARTESIAN_POINT('',(18.71875,-0.25,0.0664999999999987));
#2182=CARTESIAN_POINT('',(18.65575,-0.25,2.4685));
#2183=CARTESIAN_POINT('Origin',(18.71875,5.25,1.21922942887759));
#2184=CARTESIAN_POINT('',(18.71875,10.4874799341577,2.4685));
#2185=CARTESIAN_POINT('',(18.71875,10.5896145211297,1.66399371492787));
#2186=CARTESIAN_POINT('',(18.71875,-0.25,2.4685));
#2187=CARTESIAN_POINT('Origin',(18.71875,10.6187399670788,1.4345748176056));
#2188=CARTESIAN_POINT('',(18.68725,10.4874799341577,2.4685));
#2189=CARTESIAN_POINT('Origin',(18.65575,10.75,2.4685));
#2190=UNCERTAINTY_MEASURE_WITH_UNIT(LENGTH_MEASURE(0.000393700787401575),
#2195,'DISTANCE_ACCURACY_VALUE',
'Maximum model space distance between geometric entities at asserted c
onnectivities');
#2191=UNCERTAINTY_MEASURE_WITH_UNIT(LENGTH_MEASURE(0.000393700787401575),
#2195,'DISTANCE_ACCURACY_VALUE',
'Maximum model space distance between geometric entities at asserted c
onnectivities');
#2192=(
GEOMETRIC_REPRESENTATION_CONTEXT(3)
GLOBAL_UNCERTAINTY_ASSIGNED_CONTEXT((#2190))
GLOBAL_UNIT_ASSIGNED_CONTEXT((#2195,#2198,#2199))
REPRESENTATION_CONTEXT('','3D')
);
#2193=(
GEOMETRIC_REPRESENTATION_CONTEXT(3)
GLOBAL_UNCERTAINTY_ASSIGNED_CONTEXT((#2191))
GLOBAL_UNIT_ASSIGNED_CONTEXT((#2195,#2198,#2199))
REPRESENTATION_CONTEXT('','3D')
);
#2194=DIMENSIONAL_EXPONENTS(1.,0.,0.,0.,0.,0.,0.);
#2195=(
CONVERSION_BASED_UNIT('inch',#2197)
LENGTH_UNIT()
NAMED_UNIT(#2194)
);
#2196=(
LENGTH_UNIT()
NAMED_UNIT(*)
SI_UNIT(.MILLI.,.METRE.)
);
#2197=LENGTH_MEASURE_WITH_UNIT(LENGTH_MEASURE(25.4),#2196);
#2198=(
NAMED_UNIT(*)
PLANE_ANGLE_UNIT()
SI_UNIT($,.RADIAN.)
);
#2199=(
NAMED_UNIT(*)
SI_UNIT($,.STERADIAN.)
SOLID_ANGLE_UNIT()
);
#2200=SHAPE_DEFINITION_REPRESENTATION(#2201,#2202);
#2201=PRODUCT_DEFINITION_SHAPE('',$,#2204);
#2202=SHAPE_REPRESENTATION('',(#1354),#2192);
#2203=PRODUCT_DEFINITION_CONTEXT('part definition',#2208,'design');
#2204=PRODUCT_DEFINITION('2025-11-27-15-56-52-531','mtroll bottom',#2205,
#2203);
#2205=PRODUCT_DEFINITION_FORMATION('',$,#2210);
#2206=PRODUCT_RELATED_PRODUCT_CATEGORY('mtroll bottom','mtroll bottom',
(#2210));
#2207=APPLICATION_PROTOCOL_DEFINITION('international standard',
'automotive_design',2009,#2208);
#2208=APPLICATION_CONTEXT(
'Core Data for Automotive Mechanical Design Process');
#2209=PRODUCT_CONTEXT('part definition',#2208,'mechanical');
#2210=PRODUCT('2025-11-27-15-56-52-531','mtroll bottom',$,(#2209));
#2211=PRESENTATION_STYLE_ASSIGNMENT((#2212));
#2212=SURFACE_STYLE_USAGE(.BOTH.,#2213);
#2213=SURFACE_SIDE_STYLE('',(#2214));
#2214=SURFACE_STYLE_FILL_AREA(#2215);
#2215=FILL_AREA_STYLE('Steel - Satin',(#2216));
#2216=FILL_AREA_STYLE_COLOUR('Steel - Satin',#2217);
#2217=COLOUR_RGB('Steel - Satin',0.627450980392157,0.627450980392157,0.627450980392157);
ENDSEC;
END-ISO-10303-21;
